-- phpMyAdmin SQL Dump
-- version 4.6.4
-- https://www.phpmyadmin.net/
--
-- Host: 127.0.0.1
-- Generation Time: 2019-01-04 14:49:09
-- 服务器版本： 5.7.14
-- PHP Version: 5.6.25

SET SQL_MODE = "NO_AUTO_VALUE_ON_ZERO";
SET time_zone = "+00:00";


/*!40101 SET @OLD_CHARACTER_SET_CLIENT=@@CHARACTER_SET_CLIENT */;
/*!40101 SET @OLD_CHARACTER_SET_RESULTS=@@CHARACTER_SET_RESULTS */;
/*!40101 SET @OLD_COLLATION_CONNECTION=@@COLLATION_CONNECTION */;
/*!40101 SET NAMES utf8mb4 */;

--
-- Database: `tao_shu`
--

-- --------------------------------------------------------

--
-- 表的结构 `admin`
--

CREATE TABLE `admin` (
  `id` int(11) NOT NULL,
  `name` varchar(50) NOT NULL,
  `pwd` varchar(50) NOT NULL,
  `last_time` varchar(10) DEFAULT NULL,
  `times` int(11) NOT NULL DEFAULT '0'
) ENGINE=InnoDB DEFAULT CHARSET=utf8;

--
-- 转存表中的数据 `admin`
--

INSERT INTO `admin` (`id`, `name`, `pwd`, `last_time`, `times`) VALUES
(1, 'admin', '21232f297a57a5a743894a0e4a801fc3', '1546564183', 43),
(5, 'chenrong', '59b618b9fbe7f75cd16b45eb28e971b3', '1546331378', 0),
(10, 'Cousins', '507f513353702b50c145d5b7d138095c', '1546524423', 2);

-- --------------------------------------------------------

--
-- 表的结构 `bcomment`
--

CREATE TABLE `bcomment` (
  `bcomment_id` int(11) NOT NULL,
  `user_id` int(11) NOT NULL,
  `bcomment_content` varchar(512) NOT NULL,
  `bcomment_time` varchar(20) NOT NULL,
  `bbook_id` int(11) NOT NULL,
  `b_num` int(11) NOT NULL DEFAULT '1' COMMENT '留言信息的条数'
) ENGINE=InnoDB DEFAULT CHARSET=utf8;

--
-- 转存表中的数据 `bcomment`
--

INSERT INTO `bcomment` (`bcomment_id`, `user_id`, `bcomment_content`, `bcomment_time`, `bbook_id`, `b_num`) VALUES
(12, 46, '希望大家喜欢！！！！\r\n', '1546501376', 39, 1),
(13, 44, '添加一些书籍，简介详细一点', '1546410854', 40, 1),
(19, 55, '这本书能便宜点吗？', '1546508086', 99, 1),
(20, 62, '555', '1546562935', 108, 1),
(21, 62, '5555', '1546562964', 107, 1),
(22, 62, '5555', '1546562976', 109, 1),
(23, 62, '5555', '1546562994', 110, 1),
(24, 62, '5555', '1546563017', 111, 1),
(25, 62, '5555', '1546563553', 112, 1),
(26, 62, '555', '1546563558', 112, 1);

-- --------------------------------------------------------

--
-- 表的结构 `bcomment_reply`
--

CREATE TABLE `bcomment_reply` (
  `reply_id` int(11) NOT NULL COMMENT '自增索引',
  `reply_content` text COLLATE utf8mb4_unicode_ci NOT NULL COMMENT '内容',
  `comment_id` int(11) NOT NULL COMMENT '评论留言id',
  `user_id` int(11) NOT NULL COMMENT '评论者id',
  `reply_status` int(1) NOT NULL DEFAULT '0',
  `addtime` int(11) NOT NULL COMMENT '评论时间'
) ENGINE=MyISAM DEFAULT CHARSET=utf8mb4 COLLATE=utf8mb4_unicode_ci;

--
-- 转存表中的数据 `bcomment_reply`
--

INSERT INTO `bcomment_reply` (`reply_id`, `reply_content`, `comment_id`, `user_id`, `reply_status`, `addtime`) VALUES
(29, '1', 12, 46, 1, 1546393212),
(30, '请问书上有学霸笔记吗？', 12, 58, 0, 1546503440),
(31, '好的', 19, 55, 0, 1546508174);

-- --------------------------------------------------------

--
-- 表的结构 `bcomment_reply_dianzan`
--

CREATE TABLE `bcomment_reply_dianzan` (
  `dianzan_id` int(11) NOT NULL,
  `user_id` int(11) NOT NULL,
  `bcomment_id` int(11) NOT NULL,
  `state` int(11) NOT NULL DEFAULT '0',
  `dianzan_num` int(11) NOT NULL
) ENGINE=MyISAM DEFAULT CHARSET=utf8mb4 COLLATE=utf8mb4_unicode_ci;

--
-- 转存表中的数据 `bcomment_reply_dianzan`
--

INSERT INTO `bcomment_reply_dianzan` (`dianzan_id`, `user_id`, `bcomment_id`, `state`, `dianzan_num`) VALUES
(25, 46, 12, 1, 1),
(26, 58, 12, 1, 1);

-- --------------------------------------------------------

--
-- 表的结构 `book_type`
--

CREATE TABLE `book_type` (
  `type_id` int(11) NOT NULL,
  `type_name` varchar(50) NOT NULL
) ENGINE=InnoDB DEFAULT CHARSET=utf8;

--
-- 转存表中的数据 `book_type`
--

INSERT INTO `book_type` (`type_id`, `type_name`) VALUES
(1, '经济金融'),
(2, '计算机与网络'),
(3, '管理'),
(4, '语言学习'),
(5, '文学小说'),
(6, '医学卫生'),
(7, '教育考试'),
(8, '自然科学'),
(9, '法律'),
(10, '体育保健'),
(11, '心理'),
(12, '新闻传播'),
(13, '成功励志'),
(14, '生活时尚');

-- --------------------------------------------------------

--
-- 表的结构 `carousel`
--

CREATE TABLE `carousel` (
  `carousel_id` int(11) NOT NULL COMMENT 'id',
  `carousel_path` varchar(200) COLLATE utf8mb4_unicode_ci NOT NULL,
  `carousel_img` varchar(100) COLLATE utf8mb4_unicode_ci NOT NULL COMMENT '轮播图路径',
  `carousel_state` int(2) NOT NULL COMMENT '状态',
  `add_time` varchar(20) COLLATE utf8mb4_unicode_ci NOT NULL COMMENT '添加时间'
) ENGINE=MyISAM DEFAULT CHARSET=utf8mb4 COLLATE=utf8mb4_unicode_ci COMMENT='轮播图片';

--
-- 转存表中的数据 `carousel`
--

INSERT INTO `carousel` (`carousel_id`, `carousel_path`, `carousel_img`, `carousel_state`, `add_time`) VALUES
(1, '/uploads/carousel/img3.jpg', 'img3.jpg', 1, '1562345643'),
(2, '/uploads/carousel/img1.jpg', 'img1.jpg', 0, '1562345643'),
(3, '/uploads/carousel/img2.jpg', 'img2.jpg', 1, '1562345654');

-- --------------------------------------------------------

--
-- 表的结构 `class`
--

CREATE TABLE `class` (
  `class_id` int(11) NOT NULL,
  `class_name` varchar(50) NOT NULL,
  `dept_id` int(11) DEFAULT NULL
) ENGINE=InnoDB DEFAULT CHARSET=utf8;

--
-- 转存表中的数据 `class`
--

INSERT INTO `class` (`class_id`, `class_name`, `dept_id`) VALUES
(1, '汉语言文学（师范）', 1),
(2, '汉语言国际教育（师范）', 1),
(3, '广播电视学', 1),
(4, '网络与新媒体', 1),
(5, '思想政治教育', 2),
(6, '历史学', 2),
(7, '法学', 2),
(8, '社会工作', 2),
(9, '公共事业管理', 2),
(10, '人力资源管理', 2),
(11, '英语（师范）', 3),
(12, '商务英语', 3),
(13, '日语', 3),
(14, '翻译', 3),
(15, '心理学（师范）', 4),
(16, '小学教育（师范）', 4),
(17, '特殊教育（师范）', 4),
(18, '学前教育（师范）', 4),
(19, '计算机科学与技术', 5),
(20, '软件工程（外包）', 5),
(21, '软件工程', 5),
(22, '电子信息工程', 5),
(23, '教育技术学（师范）', 5),
(24, '电器工程及其自动化', 5),
(25, '数学与应用数学（师范）', 6),
(26, '信息与计算科学', 6),
(27, '统计学', 6),
(28, '物理学（师范）', 7),
(29, '科学教育（师范）', 7),
(30, '地理科学（师范）', 7),
(31, '应用物理', 7),
(32, '机电技术教育', 8),
(33, '汽车服务工程', 8),
(34, '工业设计', 8),
(35, '机械设计制造及其自动化', 8),
(36, '化学（师范）', 9),
(37, '应用化学', 9),
(38, '制药工程', 9),
(39, '食品科学与工程', 9),
(40, '生物科学（师范）', 10),
(41, '生物技术', 10),
(42, '烹饪与营养教育（师范）', 10),
(43, '园林', 10),
(44, '海洋资源开发技术', 10),
(45, '国际经济与贸易', 11),
(46, '财务会计教育（师范）', 11),
(47, '电子商务', 11),
(48, '市场营销', 11),
(49, '信息管理与信息系统', 11),
(50, '工商管理', 11),
(51, '体育教育（师范）', 12),
(52, '运动人体科学', 12),
(53, '社会体育指导与管理', 12),
(54, '运动康复', 12),
(55, '书法学（师范）', 13),
(56, '视觉传达设计', 13),
(57, '服装与服饰设计', 13),
(58, '环境设计', 13),
(59, '美术学（师范）', 13),
(60, '音乐学（师范）', 14),
(61, '音乐表演', 14),
(62, '舞蹈学（师范）', 14);

-- --------------------------------------------------------

--
-- 表的结构 `dept`
--

CREATE TABLE `dept` (
  `dept_id` int(11) NOT NULL,
  `dept_name` varchar(50) NOT NULL
) ENGINE=InnoDB DEFAULT CHARSET=utf8;

--
-- 转存表中的数据 `dept`
--

INSERT INTO `dept` (`dept_id`, `dept_name`) VALUES
(1, '文学与传媒学院'),
(2, '法政学院'),
(3, '外国语学院'),
(4, '教育科学学院'),
(5, '信息工程学院'),
(6, '数字与统计学院'),
(7, '物理科学与技术学院'),
(8, '机电工程学院'),
(9, '化学化工学院'),
(10, '生命科学与技术学院'),
(11, '商学院'),
(12, '体育科学学院'),
(13, '美术与设计学院'),
(14, '音乐与舞蹈学院');

-- --------------------------------------------------------

--
-- 表的结构 `inquiry_book`
--

CREATE TABLE `inquiry_book` (
  `inquiry_id` int(11) NOT NULL,
  `inquiry_isbn` varchar(15) NOT NULL,
  `inquiry_name` varchar(50) NOT NULL,
  `inquiry_author` varchar(100) NOT NULL,
  `inquiry_publishing` varchar(80) NOT NULL,
  `inquiry_degrees` varchar(12) NOT NULL,
  `inquiry_page` varchar(6) NOT NULL,
  `inquiry_img` varchar(150) DEFAULT 'img/default_pic.jpg',
  `inquiry_num` int(5) NOT NULL,
  `inquiry_minprice` varchar(10) NOT NULL,
  `inquiry_maxprice` varchar(10) NOT NULL,
  `inquiry_content` text,
  `inquiry_time` varchar(20) DEFAULT NULL,
  `inquiry_state` varchar(10) NOT NULL DEFAULT '0',
  `user_id` int(11) NOT NULL,
  `inquiry_secondtype` int(11) DEFAULT NULL,
  `inquiry_attach` varchar(512) DEFAULT NULL
) ENGINE=InnoDB DEFAULT CHARSET=utf8;

--
-- 转存表中的数据 `inquiry_book`
--

INSERT INTO `inquiry_book` (`inquiry_id`, `inquiry_isbn`, `inquiry_name`, `inquiry_author`, `inquiry_publishing`, `inquiry_degrees`, `inquiry_page`, `inquiry_img`, `inquiry_num`, `inquiry_minprice`, `inquiry_maxprice`, `inquiry_content`, `inquiry_time`, `inquiry_state`, `user_id`, `inquiry_secondtype`, `inquiry_attach`) VALUES
(6, '9859859854', '董小姐', '余嘉亮', '高等教育出版社', '9', '56', '/uploads/20190104\\e27e842813e6f46200f02664d75f1c33.jpg', 1, '36.0', '1.8', 'ee', '1546563879', '0', 62, 13, 'ff'),
(7, '9859859855', 'chat', '余嘉亮', '清华大学出版社', '8', '56', '/uploads/20190104\\56f8c9759d05eb7c05453e1b8267224e.jpg', 15, '29.5', '2.5', 'ddddd', '1546563963', '0', 62, 15, 'ddd'),
(8, '9859859852', 'chat', '余嘉亮', '高等教育出版社', '8', '96', '/uploads/20190104\\5c73247efda2164cd88e3c3794963cc3.jpg', 1, '29.5', '25', '5555', '1546564022', '0', 62, 16, '5555');

-- --------------------------------------------------------

--
-- 表的结构 `notice`
--

CREATE TABLE `notice` (
  `notice_id` int(11) NOT NULL,
  `notice_title` varchar(100) NOT NULL,
  `notice_content` text NOT NULL,
  `notice_time` varchar(20) NOT NULL,
  `admin_id` int(11) NOT NULL,
  `view_time` int(11) NOT NULL DEFAULT '0'
) ENGINE=InnoDB DEFAULT CHARSET=utf8;

--
-- 转存表中的数据 `notice`
--

INSERT INTO `notice` (`notice_id`, `notice_title`, `notice_content`, `notice_time`, `admin_id`, `view_time`) VALUES
(6, '关于校园二手交易网站', '校园二手书籍交易网站是一个交易平台', '1546451510', 1, 0),
(7, '系统维护通知', '2019-01-03凌晨1点到3点系统将进行维护', '1546507164', 1, 0),
(9, '', 'w', '1546507220', 1, 0);

-- --------------------------------------------------------

--
-- 表的结构 `sale_book`
--

CREATE TABLE `sale_book` (
  `sale_id` int(11) NOT NULL,
  `sale_isbn` varchar(15) NOT NULL,
  `sale_name` varchar(50) NOT NULL,
  `sale_author` varchar(100) NOT NULL,
  `sale_publishing` varchar(80) NOT NULL,
  `sale_degrees` varchar(12) NOT NULL,
  `sale_new` int(2) NOT NULL COMMENT '按新旧排序',
  `sale_page` varchar(6) NOT NULL,
  `sale_img` varchar(150) DEFAULT '/uploads/sale/default/default.jpg',
  `sale_num` int(5) NOT NULL,
  `sale_beprice` varchar(10) NOT NULL,
  `sale_afprice` varchar(10) NOT NULL,
  `sale_content` text,
  `sale_time` varchar(20) DEFAULT NULL,
  `sale_state` varchar(2) NOT NULL DEFAULT '0',
  `user_id` int(11) NOT NULL,
  `sale_secondtype` int(11) DEFAULT NULL,
  `sale_volume` int(11) NOT NULL DEFAULT '0'
) ENGINE=InnoDB DEFAULT CHARSET=utf8;

--
-- 转存表中的数据 `sale_book`
--

INSERT INTO `sale_book` (`sale_id`, `sale_isbn`, `sale_name`, `sale_author`, `sale_publishing`, `sale_degrees`, `sale_new`, `sale_page`, `sale_img`, `sale_num`, `sale_beprice`, `sale_afprice`, `sale_content`, `sale_time`, `sale_state`, `user_id`, `sale_secondtype`, `sale_volume`) VALUES
(39, '1234567890', '数据库原理', '涂奕钿', '东莞理工学院出版社', '全新', 10, '109', '/uploads/sale/20190102/fad5088eb4e40abf0dec304962dcfc8e.jpg', 2, '20', '18', '雷景生、叶文珺、楼越焕编著的《数据库原理及 应用（第2版）》是上海市精品课程“数据库原理及 应用”的配套教材。\r\n　　本书较系统全面地阐述了数据库系统的基础理论 、基本关系和基本方法，共分10章和两个附录，具体 内容包括数据库的基本概念，关系数据库，关系数据 库标准语言SQL，存储过程、触发器和数据完整性， 关系数据库设计理论、索引、数据库设计、数据库安 全、数据库保护、数据库技术的进展与应用。附录内 容为SQL Server 2008的使用及实验指导。\r\n　　书中和SQL语句有关的例子均在SQL Server 2008环境下测试通过。\r\n　　本教材附带的实验指导（附录B）是笔者多年数 据库实验教学的积累，以SQL Server为实验环境，内 容丰富全面，非常具有实用性。\r\n　　本书既可以作为高等院校计算机、软件工程、信 息安全、信息管理与信息系统、信息与计算科学等相 关专业本科生数据库课程的教材，也可以作为电气工 程相关专业研究生数据库课程及电力企业信息化教材 。', '2019-01-03 03:15:09', '0', 51, 12, 0),
(41, '9787300253503', '审计学（第8版）', '宋常', '中国人民大学出版社', '全新', 10, '120', '/uploads/20190102/308083fbca251d556d8732fd858a6acd.jpg', 156, '39.80', '30', '本书基于注册会计师审计准则、国家审计准则和内部审计准则，进行了全面的修订。全面阐述了审计的基本原理、基本理论和基本方法，深入透析了审计的业务循环、主要程序与工作成果，系统介绍了审计的职业道德、准则规范及相关业务。', '2019-01-03 02:47:45', '0', 47, 1, 0),
(42, '9787111551409', '经济学（微观）（原书第5版）', '[美] R.格伦·哈伯德', '机械工业出版社', '全新', 10, '300', '/uploads/20190102/5db80955d6ced5544ca9508b63420e2b.jpg', 19, '75', '63.70', '这是一部激发学生通过真实商务案例学习微观经济学的经典著作。本书紧紧把握时代脉搏，立足于现实的商业世界和经济政策，引导学生的兴趣，培养学生的经济学直觉和理解力。作者强调经济学原理在当前经济事件中的应用，所选的实例更注重商业现实，同时以适宜的难度详细介绍了所有核心概念。全书共分六个部分，以非常清晰的主题结构，从导论（第1～4章）、市场行为（第5～7章）、国内和国际经济中的企业（第8～9章）、微观基础：消费者和厂商（第10～11章）、市场结构和市场策略（第12～16章）以及劳动力市场、公共选择和收入分配（第17～18章）等方面阐述了经济学的原理。书中的“开篇案例”“解决问题”“建立联系”“勿犯此错”“案例透视”等专栏，可以使经济学这门课程的学习变得更轻松有趣。\r\n', '2019-01-03 03:15:47', '0', 56, 2, 0),
(43, '9787518038008', '国际贸易实务', '许晓冬', '中国纺织出版社', '全新', 10, '189', '/uploads/20190102/46e1f37dd94931dcd88e0f8a5a6b73c4.jpg', 156, '46', '23', '　为高校国际经济与贸易专业本科必修课程。《国际贸易实务（第三版）》系统、全面地介绍了国际贸易实务的基本理论、基本知识和基本技能，并借鉴国际贸易工作经验，紧随时代发展的步伐；深入阐述了国际贸易实务的业务程序，增加了大量的实际案例并对其进行点评，使学习者真正做到学以致用。第三版在保留第二版精华的基础上，更新了国际贸易惯例和我国涉外经贸法规、条例的**发展和变化，以及跨境电子商务的**内容，以便于广大读者及国际商务人员及时熟悉新的国际贸易惯例与做法。\r\n', '2019-01-03 02:54:29', '0', 49, 3, 0),
(44, '9787309133783', '国际金融新编（第六版）', '姜波克', '复旦大学出版社', '全新', 10, '259', '/uploads/20190102/97c6e7d0e3cf25af06692864b3e3af19.jpg', 124, '42', '33', '本书是一本建立在更加强调中国国情特征基础上的国际金融学教材。本书有以下几个特点：\r\n       在学科体系上，本书进一步完善了国际金融学的研究对象和主要工作变量，即国际金融学的研究对象是总供给与总需求相等（短期）和经济可持续增长（长期）条件下的外部平衡，主要工作变量是汇率。\r\n       在内容上，新增加了一些体现时代特点的概括和总结，并将它们有机地融入了教材的体系之中，这些内容包括国际储备和中国的外汇储备问题、中国的内部均衡和外部平衡相互冲突的根源问题、次贷危机问题，以及国际货币基金组织近年来的新变化等问题。\r\n       在传承与发展的关系问题上，本书既注重传承西方经典理论，又以中国国情为基础、以核心变量汇率为工具，构建了中国内部均衡条件下外部平衡的系列调节模型，作为国际金融学教材走向国情化的探索。\r\n       本书适合大专院校经济、金融、贸易、管理、国际关系等专业师生使用，也适合在职人员的自学和培训使用。对于有志于进一步深造和研究的读者来说，本书的部分内容也可以作为参考。', '2019-01-03 04:14:50', '0', 44, 1, 0),
(45, '9787302502210', '投资理财从入门到精通', '武庆新', '清华大学出版社', '全新', 10, '345', '/uploads/20190102/ab89caf26b7468d0d269917b3cb4ea7b.jpg', 165, '49', '36', '每个人都在追求财富，但只有掌握恰当的方法和技巧，具备必要的知识和技能，才能实现财富的梦想。《投资理财从入门到精通》就是一本带领广大读者从零开始一步步地认识和掌握投资理财方法和技巧的实用书，一本人人都能看得懂、做得到的理财宝典。\r\n本书以简洁、轻松的语言，详细介绍了投资理财的基本知识、各类投资品种的基本状况和实际操作方法及注意事项，力求让投资者对各投资品种的基本情况、投资特点、操作方法及风险状况有完整的了解，能够根据自己的实际情况确定投资方向，在投资理财的道路上少走弯路。本书不仅阐述了多种理财方式的基本知识，也提供了很多实用的具有针对性的投资理财案例和建议，将知识性和实用性完美结合，从而帮助读者转变投资观念，顺利地开启财富大门。', '2019-01-03 02:35:56', '0', 44, 5, 0),
(46, '9787564230623', '税收学', '胡怡建 ', '上海财经大学出版社', '全新', 10, '426', '/uploads/20190102/1f5496851ebf2f1d70b02192b5fe5e89.jpg', 78, '55', '43', '本书以“为什么要征（纳）税”—“征（纳）多少税”—“怎样征（纳）税”—“征（纳）税会产生什么影响”为逻辑主线，系统地阐述了税收学的基本理论、基本知识和基本方法，具体包括税收概论、税收活动主体及其约束规则、税收原则、税收负担的分配及其局部调整、税收负担转嫁与归宿、税种设置与税制结构、商品税、所得税、财产及其他税、*税收、税收的微观经济效应和宏观经济效应12章内容。 本书既可供税收学和财政学专业的学生、报考和攻读税务硕士专业学位（MT）的学生以及攻读财税方向公共管理硕士专业学位（MPA）的学生使用，又可供经济学类、工商管理类、公共管理类以及法学类各专业学生在相关课程的学习中参考使用；此外，本书也适合财税工作者和对税收问题感兴趣的读者有选择地阅读。\r\n', '2019-01-03 03:05:08', '0', 55, 6, 0),
(47, '9787550219588', '中国经济史', '钱穆', '北京联合出版公司', '全新', 10, '489', '/uploads/20190102/70d5b3ee9757105f47fa560706538517.jpg', 59, '40', '24', '　1954至1955年期间，钱穆先生曾于香港新亚书院先后讲授“中国经济史”及“中国社会经济史”两门课程，扼要地讲述了由上古春秋战国至明清时代的经济情况及财政政策，并道出经济与政治、文化、社会、军事、法律、宗教之间的相互影响和联系，评价政策和朝代兴亡之关系。\r\n　　叶龙曾师从钱穆多年，详尽笔录及整理了先师两门课程的内容，对一些内容做出了补释，形成流畅易读的文章，在香港《信报》经评版陆续刊出后，受到了读者的热烈欢迎，*后集结出版形成本书。本书不仅填补了钱穆先生缺乏经济专门史著作的遗憾，更令读者能够通过阅读中国经济史加深对钱穆先生其他著作的理解，以体悟钱穆先生强调要在文化传统一体性中做研究的教诲。\r\n　　贯穿全书的主要经济问题包括农业经济及土地分配、基建及水利工程、工商业发展、货币制度改革、社会阶层现象、税制及徭役等。细读两千年的经济史，我们可以发现，今天中国的社会经济面貌深受历史传统的影响。希望此书能够帮助读者解读目前推行政策背后的原因和影响，同时起到镜鉴作用，将有益的经验应用于今日商业社会，避免失败的教训重蹈覆辙。\r\n\r\n\r\n', '2019-01-03 02:48:47', '0', 47, 9, 0),
(48, '9788656565656', 'php实用教程', '蔡思娴', '松山湖出版社', '六成新及以下', 6, '98', '/uploads/sale/20190102/e0eba9410081ce3218a5cffab5d82957.jpg', 8, '35', '26', '　　本书包含实用教程、实验指导和综合应用实习三部分，涵盖了理论和实践教学的全过程，实用教程部分包括HTML+CSS基础知识、PHP开发环境、PHP基础语法、PHP数组与字符串、PHP常用功能模块、PHP面向对象程序设计、构建PHP互动网页、MySQL数据库基础、PHP操作MySQL、PDO方式访问数据库、PHP与AJAX等。实验指导部分着重训练学生的动手能力，综合应用实习部分介绍PHP/MySQL学生成绩管理系统。本书配有电子课件、书中所有实例程序源代码、综合应用实习源文件。', '2019-01-03 03:05:54', '0', 52, 21, 0),
(49, '9788656565659', '计算机操作系统', '吴宇', '松山湖出版社', '九成新', 9, '46', '/uploads/sale/20190103/3016af75bf35f8f05478cf0e7f4de185.jpg', 10, '45', '35.5', '本书全面系统地介绍了现代操作系统的基本理论和*技术，并具体分析了Windows 7和Linux中的实现技术和方法。 全书分为12章，为了便于没有先修计算机原理、计算机组织结构课程的读者阅读，本书第2版中增加了第0章，简单介绍了计算机系统，尤其是计算机硬件组成； 第1章概述了操作系统的定义、发展、功能、特征和类型； 第2章到第8章分别介绍进程与线程、进程同步与通信、调度与死锁、存储管理、虚拟存储管理、设备管理和文件管理； 第9章和第10章分别讲述Windows和Linux两个常用操作系统的实现技术； 第3版新增了第11章，介绍操作系统安全。每章后附有思考与练习题，与该书配套的操作系统实验指导与习题解析一书中有对应思考与练习题的详细解答。 本书的使用对象是开设操作系统课程的相关专业的本科生；具有一些操作系统基本知识并想进一步了解操作系统内部编程的读者。', '2019-01-03 02:37:06', '0', 44, 15, 0),
(50, '9787300227719', '剑桥美国经济史（第三卷）：20世纪', '斯坦利·L.恩格尔曼 罗伯特·E.高尔曼', '中国人民大学出版社', '全新', 10, '546', '/uploads/sale/20190102/44a12deb0819f40401745e1066e9bacb.jpg', 89, '168', '130', '在过去几十年时间里，我们对美国经济史的认识有了一个显著的飞跃。这部分归功于经济史学科本身的发展，尤其是由于统计和分析方法的创新对“新经济史”的贡献；部分归功于社会史、劳工史和政治史等相关领域的发展。《剑桥美国经济史》既全面讨论了这一研究领域中的*成果和进展情况，同时又对美国经济的发展过程和经济变迁进行了全面的综述。本书已经成为美国经济史研究领域的经典之作，也是经济学与历史学相关专业研究者的必读之作，更是扩展读者视野、深刻理解美国全方位崛起过程的借鉴之作。\r\n《剑桥美国经济史》第三卷总结了20世纪美国和加拿大的经济史。它的各章以20世纪的重大事件为线索，如著名的大萧条和两次世界大战，讨论了美国经济的长期发展趋势，其中包括技术变迁、企业经济的繁荣和劳工法的发展。同时，本卷也讨论了农业、人口、劳动市场、城市和区域结构的变化，其他一些章节还研究了不平等与贫困、贸易与对外关系、政府管制、公共部门、银行业与金融。\r\n《剑桥美国经济史》*卷研究了英属北美和早期美国的经济史，第二卷研究了19世纪的美国、加拿大和加勒比海地区的经济史。', '2019-01-03 02:39:32', '0', 46, 7, 0),
(51, '9787542955876', '世界经济简史', '马克斯·韦伯 ', '立信会计出版社', '全新', 10, '564', '/uploads/sale/20190102/aa530b45a9869b98fd1ea181f348c02f.jpg', 56, '30', '20', '《世界经济简史》一书是由德国经济学家和社会学家马克斯·韦伯所著。全书论述了原始的农业组织形态、家庭、氏族、村落、庄园制，以及前资本主义各个时期的经济形态，*终落脚到试图\r\n\r\n解释近世资本主义生产方式的产生。整本书，作者遵循了由工业到商业再到金融货币的论述顺序，用大量篇幅论述了资本主义之所以发生在西方，不仅仅是因为地中海具有优越的地理环境，还\r\n\r\n因为其具备了内在动力——资本主义精神。全书内容翔实，资料丰富，涉及从原始社会至现代社会的历史、经济、宗教等各个方面。', '2019-01-03 02:40:17', '0', 44, 8, 0),
(52, '9787520327787', '中国工业经济学会知名学者学术概览', '郑新立 江小涓', '中国社会科学出版社', '全新', 10, '564', '/uploads/sale/20190102/109ea7038c26b4b2c7b0c072113067be.jpg', 54, '360', '298', '本书是对中国工业经济学会知名学者的生平、求学经历、著作、论文以及学术观点等内容的介绍，包括吴岐山、戴伯勋、张一民、金祖钧、邬义钧、吴家骏、李　悦、赵国良等人。', '2019-01-03 02:55:05', '0', 49, 10, 0),
(53, '9787504986214', '中央银行与货币供给(第二版)', '盛松成 翟春', '中国金融出版社', '全新', 10, '652', '/uploads/sale/20190102/6d807d92e52aa8a59161bab663564a55.jpg', 85, '75', '60', '《中央银行与货币供给》于2015年4月出版后，受到金融理论界和读者的广泛关注。尽管我国货币政策调控方式正逐步从以数量型调控为主，转变为以价格型调控为主，但研究数量型调控方式在我国未来较长时期中仍具有现实意义。目前，我国的货币供应量变化与主要经济金融指标，如GDP、CPI、利率、汇率和资产价格等都有较密切的关系。货币供应量是宏观经济分析的重要指标。研究货币供给过程对货币政策操作具有重要意义。\r\n\r\n  本次再版，修订了*版前十章的部分内容，将统计数据更新至2015年末，并新增了以下三章内容：第十一章“国际金融危机后非常规货币政策与货币供给”；第十二章“社会融资规模与货币供给”；第十三章“央行数字货币与货币供给”。 ', '2019-01-03 03:06:27', '0', 50, 11, 0),
(54, '9787121326349', 'R语言与大数据编程实战', '李倩星', '电子工业出版社', '八成新', 8, '356', '/uploads/sale/20190102/608ead6327ddc059203777220681e58f.jpg', 87, '60', '45', '本书是一本R语言入门读物，它旨在帮助读者迅速构建起与数据分析相关的知识体系，并学习如何使用R软件实现数据分析方法。无论有无编程基础或数学基础，本书都能帮助读者成长为一名合格的数据分析师。本书全面介绍了来自统计分析、机器学习、人工智能等领域的多种数据分析算法，在讲解与之相关的R代码时，还讨论了这些算法的原理、优缺点与适用背景。本书按照由易到难的原则组织章节主题，读者将获得*好的阅读体验。通过阅读本书，读者将对R语言在数据分析领域的应用有一个全面的认识。这种认识不被特定行业所局限，任何行业的读者都能利用本书介绍的数据分析方法解决本行业的数据分析问题。', '2019-01-03 02:40:52', '0', 46, 13, 0),
(55, '9787300253503', '选择的艺术：Photoshop图像处理深度剖析（第4版）', '关文涛', '人民邮电出版社', '九成新', 9, '756', '/uploads/sale/20190102/02612a0c9c3f2a9313071bbe14793130.jpg', 45, '160', '130', '本书对Photoshop的图层、通道、蒙版、滤镜、色彩调整、混合模式、HDR和Camera Raw的原理和应用进行了集中而深入的探讨。通过分析各种图像调整命令的作用，揭示了存在于图像调整命令之间的联系，有提纲挈领的作用。 全书内容丰富，见解独到深刻，许多观点和见解都是作者长期实践经验的总结，具有很强的实用性和针对性，其中的很多技巧和方法是作者的初次展示，对读者学习Photoshop有很强的启发和指导意义。 随书附赠资源文件，包含技术讲解时需要的相关素材及PSD源文件，读者可扫描前言或封底的二维码进行下载。 本书适合Photoshop的中、高级读者阅读，也适合从事平面设计、图像处理的读者及数码摄影爱好者使用，还非常适合作为相关专业培训的教学参考用书。', '2019-01-03 02:55:44', '0', 49, 14, 0),
(56, '9787111548973', '软件工程：实践者的研究方法（原书第8版）', '[美]罗杰 S. 普莱斯曼', '机械工业出版社', '全新', 10, '456', '/uploads/sale/20190102/55b0a755563afed361a7b5de64d1752a.jpg', 86, '99', '75', '本书自第1版出版至今，30多年来在软件工程界产生了巨大而深远的影响。第8版不仅加入了移动应用软件项目等与时俱进的内容，而且调整了篇章结构，更利于教师针对不同课程进行选择。同时，第8版全面继承了之前版本的风格与优势，全面且系统地讲解软件过程、建模、质量管理、项目管理等基础知识，涵盖相关概念、原则、方法和工具，并且提供丰富的辅助阅读资源和网络资源，指导有兴趣的读者进行更深入的学习和研究。本书适合作为软件工程相关专业高年级本科生和研究生教材，也可供软件专业技术人员和管理人员阅读参考。', '2019-01-03 03:16:18', '0', 51, 16, 0),
(57, '9787302454717', '多媒体技术基础(第4版)', '林福宗', '清华大学出版社', '六成新及以下', 6, '452', '/uploads/sale/20190102/1a08c372a0441d43ae934200fd2cdbc9.jpg', 562, '89', '80', '《多媒体技术基础》第4版教材在第3版的基础上，对教材内容做了较大幅度的增减。从多媒体系统角度出发，本版教材分成三个部分: (1)多媒体压缩和编码(第2～14章)，介绍文字、声音、图像和数字电视媒体的基本知识、压缩和编码方法； (2)多媒体光盘存储技术(第15～17章)，介绍CD、DVD、HDDVD和蓝光盘的存储原理和存储格式； (3)多媒体网络(第18～32章)，以多媒体网络应用和服务质量(QoS)为中心，介绍计算机网络的互联、宽带(有线、无线和移动)接入因特网的基础知识。每章均附有练习和思考题，用于辅助读者掌握本章的要点；每章内容的来源都列出了参考文献和站点，读者可用于加深对教材内容的理解和扩大知识面。', '2019-01-03 02:41:25', '0', 46, 17, 0),
(58, '9787517057741', 'Android开发从入门到精通', '明日学院', '水利水电出版社', '全新', 10, '899', '/uploads/sale/20190102/6d2197e9242e20a39b2f8cd3e17f2752.jpg', 44, '89', '80', '《Android开发从入门到精通（项目案例版）》作为Android书籍，从1行代码开始，详尽讲述了Android（安卓）开发入门、Android进阶、Android核心技术、Android高级编程、Android项目实战案例等内容。全书共25章，其中前20章主要介绍了Android开发入门基础知识、用户界面设计基础、UI组件的应用、基本程序单元Activity、Android应用核心Intent、Android程序调试、Android事件处理和手势、Action Bar的使用、图形图像处理技术、多媒体应用开发、数据存储技术、Handler消息处理、Service应用、传感器应用、位置服务与地图应用、网络编程及Internet应用。所有重要知识点均结合实例讲解。*后5章通过欢乐写数字、锁屏背单词等5个具体的移动开发案例，完整展现了项目开发的全过程。 ', '2019-01-03 02:37:55', '0', 44, 18, 0),
(59, '9787121300004', '大数据架构详解：从数据获取到深度学习', '朱洁　罗华霖', '电子工业出版社', '九成新', 9, '123', '/uploads/sale/20190102/aa3ca04a9bbdbfaa5c581b8e0713877a.jpg', 56, '99', '75', '本书从架构、业务、技术三个维度深入浅出地介绍了大数据处理领域端到端的知识。主要内容包括三部分：*部分从数据的产生、采集、计算、存储、消费端到端的角度介绍大数据技术的起源、发展、关键技术点和未来趋势，结合生动的业界*产品，以及学术界*的研究方向和成果，让深奥的技术浅显易懂；第二部分从业务和技术角度介绍实际案例，让读者理解大数据的用途及技术的本质；第三部分介绍大数据技术不是孤立的，讲解如何与前沿的云技术、深度学习、机器学习等相结合。', '2019-01-03 02:49:26', '0', 47, 19, 0),
(60, '9787121336928', '加密与解密（第4版）', '段钢', '电子工业出版社', '全新', 10, '223', '/uploads/sale/20190102/73bba50da2898c8b3b2dca880b620224.jpg', 55, '198', '155', '本书以软件逆向为切入点，讲述了软件安全领域相关的基础知识和技能。读者阅读本书后，很容易就能在逆向分析、漏洞分析、安全编程、病毒分析等领域进行扩展。这些知识点的相互关联，将促使读者开阔思路，融会贯通，领悟更多的学习方法，提升自身的学习能力。本书适合安全技术相关工作者、对逆向调试技术感兴趣的人、对软件保护感兴趣的软件开发人员、相关专业在校学生及关注个人信息安全、计算机安全技术并想了解技术内幕的读者阅读。\r\n', '2019-01-03 02:56:27', '0', 49, 20, 0),
(61, '9787302501503', '计算机网络与通信——原理与实践', '洪家军 陈俊杰', '清华大学出版社', '全新', 10, '278', '/uploads/sale/20190102/bf8a6479a23849d5830521caffebc114.jpg', 35, '69', '50', '全书分为两个部分，*部分依照计算机网络经典的5层模型，以物理层、数据链路层、网络层、运输层和应用层自下而上逐层详细介绍了计算机网络的基本原理和技术； 简要介绍了网络安全相关的基本理论； 第二部分则以网络工程师的基本要求为目标设计了大量的综合性实验项目，所有实验项目均在虚拟机环境下实现，解决了真实实验环境下很多无法解决的难题。各章后面还附有大量来自历年网络工程师认证考试的真题，在附录中给出了绝大部分习题的参考答案。 本书的特点是概念准确、论述严谨、内容新颖、图文并茂、突出基本原理和基本概念的阐述，同时各实验项目均有详细实验指导过程，真正做到了理论与实践相结合，利于学以致用。 本书可供电气信息类和计算机类专业的高职、专科和本科生使用，对有志于参加网络工程师认证考试的读者以及从事计算机网络工作的工程技术人员也有一定的参考价值。', '2019-01-03 03:07:01', '0', 50, 22, 0),
(62, '9787569911978', '市场营销（MBA轻松读）', '顾彼思商学院', '北京时代华文书局', '全新', 10, '632', '/uploads/sale/20190103/6f5b3761dd4e62cc90ae95b0048ea84c.jpg', 82, '40', '25', '《MBA轻松读·市场营销》是MBAzui核心六门课之一，根据作者讲义编写而成，本书以MBA科目内容为基础提炼精华编纂成书，与实际课堂内容并非完全一致。让读者有如身临课堂的感觉。本书按照“市场营销1.0到市场营销2.到市场营销3.0”的发展顺序结合实际案例对市场营销进行全面的解读，让读者在清晰明确的思路中进行全面的学习', '2019-01-03 03:07:36', '0', 50, 23, 0),
(63, '9787122234308', '物流管理案例及解析', '李联卫', '化学工业出版社', '全新', 10, '226', '/uploads/sale/20190103/0746c4e1d1117c43a82496792b80cd7a.jpg', 75, '38', '30', '本书分为基础篇、功能篇和战略篇三个部分，从微观到宏观，从实际运作到理论分析，深入浅出地让读者了解物流、熟悉物流、热爱物流。本书案例的选取具有代表性，如“双11”电商大战背后的物流、 7-11的物流管理系统、海尔集团的物流信息系统建设等使读者能够通过一个个活生生的企业运作实例，逐步了解并学习现代物流知识，不断提高物流业从业人员的业务素质。\r\n本书不仅适合于高等院校物流专业的学生学习参考，还可用作从事物流管理及相关工作的人员阅读参考。', '2019-01-03 02:50:05', '0', 47, 24, 0),
(64, '9787569911978', '管理学原理', '徐碧琳', '机械工业出版社', '九成新', 9, '654', '/uploads/sale/20190103/3ab9f5b8101d0b3340296e7d78646291.jpg', 56, '35', '28', '新时代背景下，技术创新与制度变革突飞猛进，新的管理技巧和管理方法层出不穷。在这种背景下，从历史与现实相结合角度出发，把握管理理论演进逻辑，认识管理实践发展前沿，两者缺一不可。《管理学原理》（第五版）再续本书特色，坚持理论探讨与实践教学相结合，既重视管理基础和管理职能的阐述，亦重视管理思想和管理理论的诠释，目的是使读者更好地了解管理学和管理学科的发展历程，掌握管理思想和管理理论的演进逻辑，认识管理职能和管理实践的发展趋势，从而更好地思考管理真谛，更好地从事管理实践。 本书在原有第四版本基础上，进行了如下更新： 内容方面：将教材内容调整为三大模块，分别是基础篇、理论篇和实践篇；基础篇阐述管理学导论，理论篇诠释西方管理理论的发展，实践篇探讨管理的职能。延续本教材重视管理理论导读特点，补充、更新和调整了各章内容，从而更好地展示管理理论演进和更好地反映管理实践前沿。在主体内容中以小栏目（导读）形式，增加了管理典故、管理争鸣、管理常识、管理视野、管理案例、管理思考、人物介绍、补充阅读、概念解析、历史事件等，提高内容经典性、前沿性和可读性。 体例方面：遵循理论结合实践原则，每章设置“学习目标、本章导航、章前案例、主体内容、本章小结、复习思考题、技能练习和课外阅读”。“本章导航”栏目旨在阐述本章的主要内容框架和及其内在逻辑体系，起到提纲挈领作用。“本章小结”栏目旨在对章前的学习目标进行逐一解说。“复习思考题”栏目旨在帮助读者深入理解各章内容知识。“技能练习”栏目旨在培养读者的管理技能，提高其管理实践能力。“课外阅读”栏目旨在引导读者将本章内容知识运用于管理实践。全书注重学术严谨性，在书中内容引用之处，都明确标明文献来源。另外，在印刷方面，采取字体差别等形式，突出重点，帮助阅读。', '2019-01-03 02:57:01', '0', 49, 25, 0),
(65, '9787111588917', '财务管理（原书第14版）', '[美]尤金 F.布里格姆', '机械工业出版社', '全新', 10, '489', '/uploads/sale/20190103/925dae424d37bd7436cce5bc05cf002d.jpg', 92, '140', '115', '本书介绍了计算机上常用的数值计算方法，阐明了数值计算方法的基本理论和实现，讨论了一些数值计算方法的收敛性和稳定性，以及数值计算方法在计算机上实现时的一些问题。内容包括数值计算引论，非线性方程的数值解法，线性代数方程组的数值解法，插值法，曲线拟合的最小二乘法，数值积分和数值微分，常微分方程初值问题的数值解法。各章内容有一定的独立性，可根据需要进行取舍。对各种数值计算方法都配有典型的例题，每章后有较丰富的习题，书末有部分习题参考答案。本书可作为高等院校工科各专业本科生学习数值分析或汁算方法的教材或参考书，也可供从事科学与工程计算的科技人员参考。', '2019-01-03 03:17:23', '0', 52, 26, 0),
(66, '9787300246086', '电子商务——管理与社交网络视角（第八版）', '埃弗雷姆·特班 戴维·金 李在奎 梁定澎 ', '中国人民大学出版社', '全新', 10, '523', '/uploads/sale/20190103/f54b9741cf695fff000d709593ccb009.jpg', 64, '100', '85', '本书重点介绍了电子商务领域发展的新趋势，特别是社交企业、社交网络、社交协同、网络创新、移动商务等。鉴于中国大陆网络经济的迅猛发展，特班教授在他的著作中也越来越多地关注中国的电子商务发展。在本书中收录了多例中国企业的案例。本书不仅涵盖了电子商务方面的理论知识，而且提供了20多个国家*的电子商务成败案例，可供学习和参考，同时还提供了一些视频资料方便读者更直观地理解和学习相关知识。', '2019-01-03 03:25:19', '0', 53, 27, 0),
(67, '9787300238937', '公共管理学（第二版）', '陈振明', '中国人民大学出版社', '全新', 10, '521', '/uploads/sale/20190103/3b99d52d17b9d9ffa5d3630faba75521.jpg', 67, '52', '41', '由我国知名公共管理学家陈振明教授领衔著述的《公共管理学》一书，是一部经典的公共管理导论性教材，全面系统、深入透彻地阐述了公共管理学的概念、原理和方法。本书认为，公共管理学科还远未成为一个成熟的学科，时常面临学科身份与合法性危机。因此，明晰学科边界，引入多样化的研究方法，形成规范的研究范式，加强理论建构，拓展和深化相关主题领域的研究，促进学科知识增长，就成为目前公共管理学科发展必须着手解决的关键问题。\r\n本书首先梳理了公共管理及其相关概念，考察了西方公共管理学的范式变化和中国公共管理学的研究现状，并从公共管理学的研究对象与性质、学科主题范围、研究途径等不同角度为公共管理学科划界。在此基础上，本书分析了公共组织及其结构与体制、过程与行为、环境与变革，并依次对政府改革与治理、政府间关系、政府作用、政府工具等四个领域进行了重点研究和探讨，进而从公共政策、人力资源管理、公共预算与财政、第三部门管理、战略管理、绩效管理、公共管理伦理等角度论述了公共管理学的主要分支领域。\r\n与首版相比，本书对导论、政府改革与治理、政府间关系、政府工具、公共预算与财政、第三部门管理等章节进行了较大幅度的修订和更新，以更好地反映公共管理理论与实践的新发展。\r\n作者简介\r\n', '2019-01-03 02:42:03', '0', 46, 28, 0),
(68, '9787309119244', '新编秘书学教材系列：秘书学概论（第三版）', '陆瑜芳', '复旦大学出版社', '全新', 10, '561', '/uploads/sale/20190103/3aa3852ec992ac9b773719474e9e6920.jpg', 34, '36', '27', '陆瑜芳编*的《秘书学概论（第3版）/新编秘书学 教材系列》为“新编秘书学教材系列”之一，共分两 大部分：第1—5章为秘书学的基础知识和基本理论， 内容包括秘书、秘书丁作、秘书学的概念、历史发展 、秘书组织机构、秘书人员的素养、智能、心理、性 格、性别特征、培训、鉴定、秘书的社会活动、角色 意识、人际关系等；第6—13章为秘书实务与基本技 能，内容包括信息与调查研究、应用写作、文档管理 、会议组织、信访工作、沟通与协调，以及办公室管 理、通讯、督查、保密、接待、值班、日程安排等。\r\n　　本书综合目前秘书学界的*新研究成果，形成了 自己的理论体系和框架结构，归纳总结了众多新老秘 书工作者的工作实践。对当前秘书学研究的一些薄弱 点和秘书工作的新动向新技术，进行了切实的分析和 有益的探索，尤其对秘书修养，秘书心理，秘书的性 格性别特点，秘书处理各种人际关系，秘书进行政策 协调、地区协调、工作协调、人际关系协调等方面， 有独到的见解。\r\n　　本书作为大专院校秘书学专业的教材，使用多年 ，深受广大师生欢迎，还被指定为相关资格认证考试 的主干教材。现经作者修订，增补了秘书工作中以电 子信息技术为主的*新相关内容，除*贴近、切合教 学实际需要之外，对业内相关人员的培训提高及资格 认定等，也都具有**性的指导作用。', '2019-01-03 02:57:38', '0', 49, 29, 0),
(69, '9787111582731', '成功通过CMA（第3版）', '蔚欣欣', '机械工业出版社', '全新', 10, '562', '/uploads/sale/20190103/81180e6797994564b1b9b1df9a19ecbb.jpg', 67, '218', '163', '《成功通过CMA》系列辅导教材（包括《成功通过CMA》、《CMA考试通关宝典》、《注册管理会计师基础教程》）自出版以来受到和广大学员的一致好评，其全面性、实用性和针对性深得各个CMA培训机构的充分肯定。\r\n2015年美国管理会计师协会（IMA）对CMA考试进行调整，增加了财务报告和战略规划的内容。本次考试内容大纲的修订是以在全球范围内开展的针对首席财务官、财务主管和其他会计和财务专业人士的工作分析研究为依据的，保证了CMA考试在全球管理会计资格认证领域的领先地位和高认可度。\r\n根据CMA考试大纲的调整以及近年来考试的命题方向，我们对《成功通过CMA（第2版）》、《成功通过CMA（第2版）增补本》、《成功通过CMA习题集》进行了补充和完善，完成了《成功通过CMA（第3版）》。本次改版从5个方面进行了调整：\r\n1.新增两个部章节。对应考试大纲调整，分别增加的章节为第4章财务报告、第5章战略规划。\r\n2.调整教材内容，形成上下两册。每个章节包含对知识点的讲解和各自部分的全部练习题。根据考试两个部门的内容，将教材分为上下两册。\r\n3.增加讲解内容和习题。本次改版根据*考试重点和方向，增加知识点讲解和习题。\r\n', '2019-01-03 02:51:36', '0', 47, 30, 0),
(70, '9787302509660', '酒店餐饮管理（第二版）', '马开良、叶伯平、葛焱', '清华大学出版社', '全新', 10, '345', '/uploads/sale/20190103/1da28c3ffcbae789ab06a2b34371dee3.jpg', 96, '50', '42', '本书由基础管理切入，按照酒店餐饮菜单筹划、原料组织、生产制作、服务销售的业务运作顺序系统阐述了餐饮管理各大节点的知识与管理实务，并有机穿插业务关联度高的餐务管理、餐饮促销与安全生产管理等方面的知识。本书完整构建了餐饮生产、服务、经营与管理各方面的内容，知识体系完整，内容实用，对接行业前沿，具有较高的实践性和指导性。 本书可作为全日制普通高等学校酒店与旅游专业的教学用书，也可供集团酒店、餐饮企业选作培训教材。', '2019-01-03 03:18:11', '0', 48, 31, 0),
(71, '9787300227580', '领导学——领导的艺术与科学（第7版）', '安弗莎妮·纳哈雯蒂', '中国人民大学出版社', '全新', 10, '263', '/uploads/sale/20190103/128bbdbf60ab6a8129ad8928b44e9671.jpg', 86, '56', '40', '本书是国外非常经典的一本领导学教材，从科学的角度展示了领导研究的过去、现在和未来，不同领导观点之间的争论和冲突，以及实践中领导者的困境。书中不仅对商业组织、公共组织，也对其他类型组织的领导问题进行了广泛的回顾与分析。', '2019-01-03 02:52:14', '0', 47, 32, 0),
(72, '9787564176235', ' 商务谈判理论与实务（第3版）', '周忠兴 ', '东南大学出版社', '全新', 10, '352', '/uploads/sale/20190103/538c5e7105f0c003be0ae30e4563ade4.jpg', 856, '40', '32', '《商务谈判理论与实务（第3版）/高等教育经济管理类专业系列教材》是在对商务谈判进行深入理论研究和大量经验总结的基础上编著而成，既有对谈判原理和规律的透彻描写，又有对谈判实务和技巧的详实介绍，同时加入了丰富而生动的案例分析和技能训练；尤其是在谈判的理念、原则及谈判的策略及战术等方面有了较大的创新和提高，使之更切合现代商务实践的要求。\r\n　　《商务谈判理论与实务（第3版）/高等教育经济管理类专业系列教材》自2003年出版以来，深受广大教师和学生的好评，在以往多次修订的基础上，本次改版经过主体原创，在以下几个方面作了较大的突破：一是按照任务导向、能力导向的原则重新建立课程体系，有的章节属首次编写；二是根据商务谈判实践的需要，创新地剖析了一些理论上很难涉及但实践中却很重要的问题；三是丰富了鲜活的案例，增加了实训与技能训练项，使学员能更好地理解与运用谈判的原理与技巧。\r\n　　《商务谈判理论与实务（第3版）/高等教育经济管理类专业系列教材》既可作为本科院校及高等职业院校管理、营销、文秘、贸易等专业的教材，亦可作为企事业单位的商务人士的培训和自学用书。', '2019-01-03 03:08:42', '0', 57, 33, 0),
(73, '9787560584508', '新概念英语教材全解 全新版（第一册）', '薛冰，李咏琳，李玉技　', '西安交通大学出版社', '全新', 10, '246', '/uploads/sale/20190103/9552545c93e8a0cfb6d0a3115d56010b.jpg', 751, '26', '20', '《新概念英语1：英语初阶（新版）》是该教材首次出版以来推出的新版本。这套经典教材一如既往地向读者提供一个完整的、经过实践检验的英语学习体系，使学生在英语的四项基本技能——理解、口语、阅读和写作方面发挥自己的潜能。\r\n\r\n新版本保留了《新概念英语》得以成为世界闻名英语教程的一套基本原则，同时又包含了以下重要特色：\r\n专为中国的英语学习人士而改编，根据中国读者的需要增添了词汇表、课文注释、练习讲解和课文的参考译文\r\n剔出了所有过时的内容，其中过时的课文由新课文取代，并配以全新的练习和插图\r\n对原有教学法进行调整，更利于学生加强交际能力\r\n内容更简洁精练，取消过去单独出版的繁琐补充材料，将其精华纳入主要教材\r\n版面加大，方便翻阅；每课书相对独立，以利课堂教学', '2019-01-03 02:58:19', '0', 49, 34, 0),
(74, '9787500129332', '日语入门：零起点图解一看就会', '(日)川边城', '中译出版社（原中国对外翻译出版公司）', '全新', 10, '361', '/uploads/sale/20190103/f52a4577bfa3bb84f960a57ab8f90477.jpg', 48, '38', '30', '《日语入门：零起点图解一看就会》在内容上囊括了发音、语法、词汇、口语、文化等各个方面,在结构上采用全彩图和替换词的形式,从*基础的日语发音入手，其次是语法的突破，接下来是15大场景的口语学习，中间还会穿插一些文化趣闻。本书不管从内容还是结构上，都是非常有利于初学者学习日语的，学期起来也会非常轻松、有趣、不枯燥！\r\n　　● 发音：本书针对初学者学习日语的特点，从*基础的日语50音开始，搭配口型图、发音规则和字帖练习，其由浅入深，循序渐进，夯实发音关，保证读者学完此书就能学会真正地道、标准的日语！\r\n　　● 语法：选取人们*常用的动词、形容词、格助词以及敬语，突破语法关！\r\n　　● 口语：精选人们*熟悉的15个场景，每一场景都由人们*常说的常用句组成，搭配替换词和延伸句，练习口语的同时也增加了单词量！\r\n　　● 文化：章节后都会配有文化贴士，帮助读者更深入地了解日本，拓展知识面！\r\n　　● 点读：即时点读有利于读者对个别单词、个别句子进行反复听、反复练，免去了往常老旧式的一个章节听到尾的状况，学习起来不再枯燥、效率倍增！', '2019-01-03 03:10:53', '0', 53, 35, 0),
(75, '9787511448446', '化工专业英语', '贾长英，张晓娟', '中国石化出版社有限公司', '全新', 10, '256', '/uploads/sale/20190103/83e7b7dac2134cab03d3db8052432ff4.jpg', 68, '30', '25', '本书以典型化工产品生产过程为主线，通过对化工行业企业英语职业能力需求进行调查分析，将全书分为六大典型工作情境： product development产品开发、mass production批量生产、Chemical engineering safety化工安全、production scheduling生产调度、product testing产品检测、marketing & selling产品销售，并在此基础上设计课程教学内容。使真实的化工产品生产工作任务及其过程在整个教学内容、教学环节中得到体现。本书可作为高等职业教育化工类专业或制药、生物、环境等专业的英语教材，也可作为相关企业高技能人才的培训教材，也可供从事化工生产和管理的人员学习参考。', '2019-01-03 03:19:23', '0', 46, 36, 0),
(76, '9787500143062', '英语口语王：英语口语入门这本就够了', '耿小辉，昂秀外语教学研究组', '中译出版社', '全新', 10, '623', '/uploads/sale/20190103/d01582aa62059d2155e7bade3b3b5021.jpg', 54, '40', '30', '《英语口语王：英语口语入门这本就够了》------专业强大的英语口语教练，运用常见的场景、实用的对话、简单的字句、合理的编排，教授地道简洁的英语口语，帮助你摆脱口语学习的困扰！\r\n《英语口语王：英语口语入门这本就够了》 会让你收获：\r\n◆ 15000多个地道句子\r\n本书将每一句话都以简单易学的方式呈现出来，让你学得轻松，并能举一反三，随心所欲表达自己。\r\n◆ 3800多个日常对话\r\n请客吃饭、人际交往、爱情亲情友情、职场、旅游、校园……生活常景对话一应俱全，让你真实、全面地练习，并且在很短的时间内，英语交流能力直抵高峰，体会英语脱口而出的成就感。\r\n◆ 276个生活场景\r\n通过贴近生活的实际情境，让你体会说话时的真切氛围，融入其中，每天练习，等到实际应用时必能处变不惊，轻松说出地道英语，真正做到：学一句，马上用一句！\r\n◆ ７大行业英语\r\n奥运、白领、宾馆、餐馆、出租车、警察、售货员，只要模仿其中的句子，在工作中定能游刃有余，加薪有望，晋升有盼！\r\n成就流利口语，从《英语口语王-英语口语入门这本就够》开始！', '2019-01-03 03:20:22', '0', 51, 37, 0),
(77, '9787100099806', '古代汉语词典（精装）(第2版)', '商务印书馆辞书研究中心', '商务印书馆', '全新', 10, '1069', '/uploads/sale/20190103/b582206b853bb355d375dafba00ba1c6.jpg', 69, '120', '85', '古代汉语词典》自1998年出版以来，深受读者欢迎。至今已经过去了15年，有必要进行一次系统的修订，把质量提高到一个新的水平。\r\n此次修订，在释义和书证以及书写体例等方面做了大量查漏补缺的工作，从实际需要为出发点，收集了古代正统书面语写作中的大量单字与词汇。\r\n第2版收录单字约14200个（包括繁体字和异体字），复音词约28000条。第1版收单字10000个，复音词24000条。', '2019-01-03 02:38:44', '0', 44, 38, 0),
(78, '9787515912417', '韩语40音记忆卡片', '蜂巢外语教研组', '中国宇航出版社', '全新', 10, '40', '/uploads/sale/20190103/72b1f3527da07ce591c1b51628f2b1f6.jpg', 86, '15', '11', '本套卡片是为韩语初学者量身定做的，卡片共有64张，包含以下内容。\r\n1.韩语40音、音变规则及例词。\r\n2.5组实用单词和12组常用句。\r\n3.韩语发音精美挂图1张。\r\n\r\n另外，随书附赠以下内容。\r\n1.全书MP3音频。\r\n2.外教发音视频。\r\n3.字母笔顺Flash动画。', '2019-01-03 02:43:28', '0', 46, 39, 0),
(79, '9787313086730', '星火英语六级真题试卷2018年12月真题专项训练+历年真题详解+标准预测试卷词汇写作翻译听力阅读口语', '汪开虎', '上海交通大学出版社', '全新', 10, '652', '/uploads/sale/20190103/14cc007ba16ae0cecbc8bbe7bf91cd4a.jpg', 196, '56', '40', '1. 本试卷包括10套真题（分册装订，便于携带和分阶段测试）、5套标准预测试卷（合订为一册，便于集中测试），考生既能把握考试方向，又能检验学习成效；试题解析和命题设置均由名师精心编写而成，明示设题难点，详析考试重点，解题思路点拨到位，答案精准。真题听力来自考场原声录音；预测听力由资深外教进行录音，听力原文均在解析中精准呈现，真题阅读文章均有全文翻译，高频词汇和短语均带释义，答案定位处下划线标示。\r\n2. 免费赠送口语考试备考宝典，解读口语考试要求、形式、评分标准及流程，提供应试技巧、黄金模板和模拟训练。\r\n3. 赠送10套听力集训、20篇翻译和25篇预测作文，助考生取得听力、翻译和写作高分。\r\n4. 赠送扑克牌形式的2000词卡片，收录了高频词和新大纲新增词。每个词条配有标准音标、常考词性和释义，且单词及释义均有录音，满足考生随时随地随心记单词的需求；大卡片沿裁切线撕开，即可变为扑克牌形式的可装进口袋的小卡片，寓学于乐，高效记单词。\r\n5. 免费赠送APP，提供智能过级解决方案：字幕听力、提分练习、名师视频、常用词汇、智能估分。\r\n6. 扫二维码，直听音频做题：所有听力试题均加了二维码，扫描二维码就可以直接听音频做题，随时随地练习听力。', '2019-01-03 02:44:39', '0', 46, 40, 0),
(80, '9787567525672', '全新英语听力·四年级（提高版）', '《全新英语听力:提高版》编写组', '华东师范大学出版社', '全新', 10, '236', '/uploads/sale/20190103/da0c7608aec062d92e93f0cf1d207447.jpg', 75, '25', '20', '本套书具有以下特色：\r\n1.最全面的听力材料：集广泛性、实用性、知识性、趣味性和时尚性于一身的听力原材料，涵盖了包括时事政治，财经金融，文化艺术，体育娱乐，科技教育，环境健康及与学生学习、生活等诸多方面的内容。\r\n2.最科学的编写思路：为了给一年级到高三的学生循序渐进地更好地练习听力，我们将套书分为基础版和提高版两个版本。每套题约10-20分钟。基础版的练习，用作基础阶段的听力训练；提高版的练习，用作加强阶段的巩固和提高训练。其中，6、7、8年级的6册在基本的套题之外，我们还精心设计了More Listening Input的板块，进一步拓展学生的学习视野。', '2019-01-03 03:11:27', '0', 56, 41, 0),
(81, '9787513544757', '现代西班牙语(学生用书)', '董燕生 刘建', '外语教学与研究出版社', '全新', 10, '894', '/uploads/sale/20190103/dc37710e4bad13495943c260deaa4d32.jpg', 741, '65', '50', '现代西班牙语 学生用书》是对99版《现代西班牙语》的全新改版修订。供高等院校西班牙语专业精读课程使用。首册适用于大学西班牙语专业一年级上学期。较老版“现西”，内容更加注重语言交际和实际运用，课文素材更加贴近生活，练习丰富，增加文化板块。全彩色印刷，大开本，是国内*一套语法体系完整且符合中国学习者学习特点的西班牙语专业教材。', '2019-01-03 02:45:25', '0', 46, 42, 0),
(82, '9787560076782', '新编俄语语法', '黄颖', '外语教学与研究出版社', '全新', 10, '789', '/uploads/sale/20190103/c718b78ee9a8f3f0d92db32782b94a73.jpg', 65, '56', '44', '《新编俄语语法》根据高等学校外语教学指导委员会2003年制定的《高等学校俄语专业教学大纲》编写，是俄语专业的语法教程。全书理论阐述言简意赅，实践应用部分讲授详尽，可使学习者对语法项目有形象、生动的认识和理解，易于掌握。所选例句与日常生活、文化国情密切相关，具有时代性。语法难点单列于各章节之后，条目繁杂而又难以查询到的项目纳入"附表"，条理清晰，方便查疑解惑。2011年本书入选为"北京高等教育精品教材"。', '2019-01-03 02:59:05', '0', 47, 43, 0),
(83, '9787560324593', ' 粤语入门速成班(修订版，赠MP3光盘)', '宋健榕，余小慧', '哈尔滨工业大学出版社', '全新', 10, '564', '/uploads/sale/20190103/72b7382cb049a7f0f9b10653d93f5b5c.jpg', 89, '24', '18', '《入门速成班丛书（3）：粤语入门速成班》编排体例易学易懂、内容丰富、形式多样，定能使各位读者迅速准确地掌握粤语。\r\n\r\n《入门速成班丛书（3）：粤语入门速成班》适用于非粤方言区读者学习粤语，也可作粤方言区人士学习普通话的参照。课文中的每一个字都加注了广州话的拼音和声调，便于读者及时纠正自己的发音；每句广州话下面都有普通话解释，便于读者准确理解其含义。每课的“扩展练习”都有答案附在书后，便于读者进行自我测验。', '2019-01-03 03:11:59', '0', 48, 44, 0),
(84, '9787540479046', '商务英语职场王', '阿曼达·克兰德尔·巨', '湖南文艺出版社', '全新', 10, '575', '/uploads/sale/20190103/4cb144a652dafe60816068de99af6b0b.jpg', 56, '42', '27', '本书包含50个商务主题和300个商务金句，涵盖10项商务全能技巧，词汇量大、句式多变、表达地道，由美国王牌英语畅销书作者倾力造，让读者在商务场合自如表达，用地道英语历练职场智慧。 　　1.商务技巧和英语能力齐头并：本书几乎涵盖了所有商务场合可能遇到的情况，是实际商务情境的再现，语言难度适中，便于快速掌握，适合经常跟老外交道的职场人士学习使用。 　　2.传递专业使用的实战技能：50个商务主题和10项全能技巧，包含常用短语、文化、商业理念以及主题词汇，轻松实现商务场合上一句顶一万句的职场表达。 　　3.美国外教朗读音频，发音纯正，快速提升口语力：扫描随书二维码，纯正音频边听边读，是学习口语、听力和速记的好助手。       本书包含50个商务主题和300个商务金句，涵盖10项商务全能技巧，词汇量大、句式多变、表达地道，由美国王牌英语畅销书作者倾力造，让读者在商务场合自如表达，用地道英语历练职场智慧。 \r\n　　1.商务技巧和英语能力齐头并：本书几乎涵盖了所有商务场合可能遇到的情况，是实际商务情境的再现，语言难度适中，便于快速掌握，适合经常跟老外交道的职场人士学习使用。 \r\n　　2.传递专业使用的实战技能：50个商务主题和10项全能技巧，包含常用短语、文化、商业理念以及主题词汇，轻松实现商务场合上一句顶一万句的职场表达。 \r\n　　3.美国外教朗读音频，发音纯正，快速提升口语力：扫描随书二维码，纯正音频边听边读，是学习口语、听力和速记的好助手。 \r\n', '2019-01-03 03:21:14', '0', 57, 46, 0),
(85, '9787020114726', '2015青春文学', '人民文学编辑部', '人民文学出版社', '全新', 10, '569', '/uploads/sale/20190103/3c69c6f9d9f2b73c077c89ab375c8974.jpg', 65, '37', '28', '“岩层”书系每年出版一本，所选作品为年度最有代表性的青年文学作品。作者年龄基本在1980年以后。重点遴选当年的文学杂志，选录篇目追求青年作家的精品和力作，力求能够反映该年度青年作家队伍最主要的创作流派、题材热点和艺术形式上的微妙变化。《青春文学》年选出版以来，在业界反响良好，受到了专家读者的一致肯定，彰显了人民文学出版社编辑的眼光和文学追求。', '2019-01-03 02:46:09', '0', 46, 47, 0),
(86, '9787114134081', '李清照传：半生烟雨，半世落花', '随园散人著', '人民交通出版社', '全新', 10, '879', '/uploads/sale/20190103/c10e1aad5692d51e2af461666a9365d5.jpg', 65, '36', '18', '这是婉约派词人李清照的诗词传记。李清照是宋代女词人，婉约词派代表，有“千古*才女”之称。\r\n她出生于书香门第，早期生活优裕，其父李格非藏书甚富，她小时候就在良好的家庭环境中打下文学基础。出嫁后与夫赵明诚共同致力于书画金石的搜集整理。金兵入据中原时，流寓南方，境遇孤苦。所作词，前期多写其悠闲生活，后期多悲叹身世，情调感伤。形式上善用白描手法，自辟途径，语言清丽。论词强调协律，崇尚典雅，提出词“别是一家”之说，反对以作诗文之法作词。能诗，留存不多，部分篇章感时咏史，情辞慷慨，与其词风不同。\r\n', '2019-01-03 02:52:55', '0', 47, 48, 0),
(87, '9787540317263', '外国文学史（修订版）', '唐红梅，谭芳', '崇文书局（原湖北辞书出版社）', '全新', 10, '546', '/uploads/sale/20190103/348442f4087c71d338356a31553b9742.jpg', 54, '32', '22', '      外国文学史是汉语言文学专业的专业必修课，在整个汉语言文学专业课程中占有重要位置。首先，外国文学史的学习，有助于我们获得世界文学的整体发展框架和开阔的文学视野。其次，中国文学的发展难以绕开外来文学的影响，尤其是我们的现当代文学，更是在外国文学的直接影响下发展起来的；所以，了解外国文学的发展历史，可以帮助我们进一步认识自己的民族文学，以及当代文学面临的民族性与世界性等迫切问题，从而推动中国文学创作与研究的发展。再次，外国文学史对东西方文学的发展进行了梳理，呈现了不同文化背景下的文学样态，总结了不同的民族文学在审美方面的特征与创作上的成就，这些都为我们认识和发展自己的文学提供了多元的参照体系。　　然而，外国文学史又非常难以掌握。它在空间上横跨东方与西方；在时间上从公元前5000年一直延续到今天的21世纪；在内容上包罗万象，囊括着星罗棋布的民族文学、纷繁多样的文学现象、纷至沓来的文学思潮、难以计数的杰出作家和浩如繁星的优秀作品；无不在引人神往的同时，又让我们望而却步。而在各自民族文化孕育下发展起来的不同的民族文学，更是对我们在中国文化和汉语言文学的多年浸润下形成的审美定势、欣赏习惯和阅读体验形成了较大的挑战。　　为此，我们编定此书，既勾勒外国文学史的发展过程，又突出其发展过程中的重点；在展示其魅力的同时，更希望大家把握其清晰的发展脉络和整体框架，以起到一定的引领作用。 ', '2019-01-03 03:12:52', '0', 57, 49, 0),
(88, '9787213077272', '文学理论（新修订版）', '[美]勒内·韦勒克（René Wellek） 奥斯汀·沃伦（Austin Warren）', '浙江人民出版社', '全新', 10, '5646', '/uploads/sale/20190103/45ad0d2198a688fefed72fd6daf1d5c8.jpg', 564, '60', '30', '《文学理论》出版于20世纪40年代末，作者韦勒克和沃伦不仅厘清了文学与非文学的界限，更提出了文学的“外部研究”与“内部研究”的分野，把文学与其他学科的关系的研究归于“外部研究”，把对文学自身因素的研究归于“内部研究”，超越了传统文论从外部切入文学的理论思路，把研究的重心置于文学本身，不仅描述了分析个别艺术品的方法，而且探讨了文学类型、文学评价和文学史等问题，这对之后全球数十年间的文学研究产生了重大影响。\r\n\r\n   《文学理论》自出版以来，一直作为*经典的文学理论教材受到各国批评家、作家、教授及广大学生的欢迎。在国内，它是教育部高等教育司推荐中文专业大学生必读的100本著作之一，被许多高校指定为中文专业研究生入学考试必读参考书。', '2019-01-03 02:59:44', '0', 49, 50, 0),
(89, '9787561394915', '龙脉——红柯散文随笔自选集', '红柯', '陕西师范大学出版社', '全新', 10, '123', '/uploads/sale/20190103/3df86f25cbc968925a54871cc707dbf4.jpg', 56, '69', '50', '《龙脉》是红柯*散文随笔自选集，由天才之境、文学的力量、文论散笔等三部分组成，讲述天山-祁连山—秦岭根植于我们文化深处的力量。红柯用他的如椽大笔为读者展现了大西北这片热土的壮美瑰丽。或追古思今，或深情流露，尤其是作者超乎寻常的想象力与浪漫主义手法的运用，于人文掌故中尽显风雅，读后令人感怀。', '2019-01-03 03:21:47', '0', 47, 51, 0),
(90, '9787555236184', '斗破苍穹27星界大战', '天蚕土豆', '青岛出版社', '全新', 10, '555', '/uploads/sale/20190103/cc45643952a302b4256b3bf3be15c683.jpg', 456, '30', '15', '这里是斗气的世界，没有花哨艳丽的魔法，有的，仅仅是修炼到*的斗气！三十年河东，三十年河西，莫欺少年穷！\r\n故事的主角萧炎，出生在斗气大陆边远地区乌坦城，从小资质卓绝，11岁便成为斗者。然而仿佛是受到命运的捉弄，此后三年他的功力不但没有丝毫提高，反而退步到斗之气三段。原来是潜伏在戒指（母亲的遗物）中的药尘魂魄在吸收他的斗气。当药尘灵魂停止吸收斗气，萧炎终于天赋重展，并拜药尘魂魄——药老为师，修炼炼药术和斗气功法。　　\r\n父亲萧战被魂殿捉走后，为了重振萧家，萧炎来到迦南学院提升自己的实力，在强手如云的迦南学院创建了自己的势力——磐门。而此时与萧炎青梅竹马的“表妹”（没有血缘关系）萧薰儿，却被神秘的古族人带走。在药老的传授下，萧炎习得焚诀，能同时拥有数种异火，并吸收异火的能量来提升自己的斗气。凭着自己坚强的斗志和多次生死搏斗的经验，萧炎总能与实力比自己强几个等级的对手相战而不落下风。　　\r\n', '2019-01-03 03:22:23', '0', 55, 52, 0),
(91, '9787559418210', '如酥似宝', '阮小凉', '江苏凤凰文艺出版社', '全新', 10, '862', '/uploads/sale/20190103/5226e292dd98910030244f9e18ab4a49.jpg', 56, '34', '17', '五年前，秦言说，他不喜欢唐酥。所以为了乔薇，他逼着唐酥跳下了跨江大桥。\r\n\r\n说好了老死不相往来，五年后他又找上了门来。\r\n\r\n而这次，居然又是要找她的麻烦！\r\n\r\n黑她公司，断她财路，拆她的台，*后变本加厉，将她*的追求者给击退了！\r\n\r\n秦言：“你很期待投入别人怀抱？哦，想都别想。”\r\n\r\n唐酥大拍桌子之际，却被他拖到了民政局……\r\n\r\n秦言：“男，秦言，女，唐酥，愿结百年，盖章。”\r\n\r\n不不不，我不愿意呀。', '2019-01-03 03:13:28', '0', 50, 53, 0),
(92, '9787530212653', '张爱玲经典小说集', '张爱玲　', '北京十月文艺出版社', '全新', 10, '2222', '/uploads/sale/20190103/d246ad1405daf46fb4a33d94f457b727.jpg', 562, '145', '98', '张爱玲经典小说集包括：三部中短篇小说集《倾城之恋》《红玫瑰与白玫瑰》《怨女》，两部长篇小说《半生缘》《小团圆》。\r\n\r\n　　《倾城之恋》：\r\n　　收录张爱玲于一九四三年至一九四四年创作的中短篇小说，包括《*炉香》《第二炉香》《茉莉香片》《心经》《封锁》《倾城之恋》《琉璃瓦》《金锁记》《连环套》。\r\n\r\n　　《红玫瑰与白玫瑰》：\r\n　　收录张爱玲于一九四四年至一九四七年创作的中短篇小说，包括《年轻的时候》《花凋》《鸿鸾禧》《红玫瑰与白玫瑰》《散戏》《殷宝滟送花楼会》《桂花蒸阿小悲秋》《等》《留情》《创世纪》《郁金香》《多少恨》。\r\n', '2019-01-03 03:03:20', '0', 49, 54, 0),
(93, '9787301288993', '中国现代文学史1915—2016（下）（第三版）', '朱栋霖，吴义勤，朱晓进', '北京大学出版社', '全新', 10, '4444', '/uploads/sale/20190103/79df05f713f74944e9d0901080d19bf7.jpg', 55, '52', '43', '《中国现代文学史1915—2016》（上、下册）由朱栋霖教授主编的《中国现代文学史1917—2012》修订、改版而成，是教育部“十五”国家规划教材、教育部国家精品资源共享课“中国现当代文学”配套教材。上册是现代文学史（1915—1949），下册是当代文学史（1949—2016）。本教材以新的文学观、文学史观重新阐释中国现代以来文学的发展，提倡开放式、探究式、教学互动式的专业课教学。与《中国现代文学史1917—2012》（上、下册）相比，本书的创新之处有二：一、每章加设二维码，内为专家学者就各章专题所做讲座的视频，和编者精选的学术论文。扫一扫书中二维码，学生可亲炙白先勇、钱理群、范伯群、陈子善、陈平原、吴福辉、王中忱、格非、毕飞宇等人的授课风范。二、各章节增加“声音”栏目，就重要的文学史现象、作家作品列出不同时期、不同观点的论争声音。另外，本书还配有教学课件。\r\n', '2019-01-03 02:47:04', '0', 46, 55, 0),
(95, '9787301176801', '中国古代文学', '陈文新', '北京大学出版社', '全新', 10, '2223', '/uploads/sale/20190103/ac4a29911e548c28144496643efcdadd.jpg', 222, '99', '85', '《中国古代文学》是中文专业古代文学基础课教材（外语学院兼用），为"高等院校中文专业创新性学习系列教材"之一。全书以时代为经，以文体为纬，根据中国古代文学的历史发展进程，共分八编：**、二编先秦两汉文学；第三、四编魏晋南北朝隋唐五代文学；第五、六编宋辽金元文学；第七、八编明清文学。行文中主要叙述中国古代文学发生、发展、演变的社会机制、社会条件和文化生态；文学流派的发生、发展和兴衰；不同文类之间的相互影响和内在联系，特别是由其内在联系促成的文学总体发展趋势；一定时期占主导地位的文学风尚，以及潜在的、预示未来发展前景的文学态势；中国古代具有代表性的作家、作品和文学观念，力图从不同侧面呈现中国古代文学的面貌，而对作家、作品的阐释在书中所占的比重**，对一般文学史不重视的作家有所关注。每编在基础知识后进一步给出了"导学训练"、"研讨平台"、"拓展指南"，供学生深入学习之用。\r\n', '2019-01-03 02:53:47', '0', 47, 56, 0),
(96, '9787516155837', ' 民间文学类非物质文化遗产保护研究', '马文辉，陈理', '中国社会科学出版社', '全新', 10, '5555', '/uploads/sale/20190103/21fed89b933c47296a6e3541119bc4a5.jpg', 56, '98', '77', '《民间文学类非物质文化遗产保护研究》：非物质文化遗产的保护是一项少有的工作，不仅是关于非物质文化遗产的概念界定在学术界存在歧义，即使在政府知名品牌的名录申报与保护工作过程中，也存在着不同的态度和工作方式。然而，有一点却是从主管的文化部门到参与其中的每一个人都意识到的，那就是我们所从事的非物质文化遗产保护工作是一项光荣。', '2019-01-03 03:23:42', '0', 53, 57, 0),
(97, '9787570200658', '2017年中国侦探推理小说精选', '韩璇 选编', '长江文艺出版社', '全新', 10, '555', '/uploads/sale/20190103/d76e4f00b4dd1da3d454f38008c33e4f.jpg', 68, '30', '22', '本书是对2017年中国（包含港澳台地区）各大期刊或媒体上公开发表的华语原创侦探推理类小说的年度精选,时间跨度从2016年10月到2017年11月，所选刊物包括《啄木鸟》、《岁月·推理》、《推理世界》、《*推理》、《推理志》、《今古传奇》、《四川文学》等国内知名期刊。', '2019-01-03 03:14:36', '0', 52, 58, 0),
(98, '9787550239371', '狙击生死线', '刘猛', '北京联合出版公司', '全新', 10, '5654', '/uploads/sale/20190103/1d01815d1d6caf24bb0cafc542e2b68b.jpg', 555, '40', '28', '韩光和蔡晓春都是狼牙特种大队的*狙击手，他们是生死战友，同时也是竞争对手，两人更是同时爱上了一个女军医赵百合。后来，蔡晓春因违反军纪离开了部队，他带着赵百合出国做了雇佣兵。而韩光转业到了滨海特警，成为功勋狙击手。\r\n　　滨海即将迎来世界经济论坛，滨海公安局严阵以待。不料，韩光的狙击步枪被神秘盗窃，回国的赵百合更被这支狙击枪枪杀……\r\n　　韩光则成为被追缉的杀人疑犯。蔡晓春离奇出现在滨海市，被幕后黑手何世荣雇用，准备刺杀海外财团老总何世昌。韩光和蔡晓春之间展开了一场生死较量，警方和军队严密合作，韩光一举捣毁黑暗势力，韩光和蔡晓春的*后决斗，在一片废墟上展开……\r\n\r\n', '2019-01-03 03:04:15', '0', 56, 59, 0),
(99, '9784555551211', '作文素材杂志', '作文素材杂志', '作文素材杂志', '全新', 10, '3335', '/uploads/sale/20190103/c1778918cd73e349a8706e3aa66f61e8.jpg', 547, '218', '180', '', '2019-01-03 10:34:13', '0', 51, 60, 0),
(101, '9787030535726', '基础医学综合', '杨保胜', '科学出版社', '全新', 10, '6565', '/uploads/sale/20190103/63abd39298d7674f2d000b9bd01d4d03.jpg', 56, '80', '50', '本教材以国家医师资格考试委员会审定颁布的《医师资格考试大纲》为依据，将传统的生物化学、生理学、免疫学、医学微生物学、病理学、药理学6门课程的内容进行合理取舍、有机整合，重组优化课程体系。将基础医学知识纵横、有机地结合起来。提炼基础理论与基本知识点，对一些相似的知识点进行比对、归纳总结，重点介绍容易混淆的考点。强化基础与临床紧密结合，在叙述理论的同时注重引入临床病例分析作为延伸，进一步解释与人类疾病密切相关的基础医学过程。本教材是学生参加国家医师资格考试（临床类别）分阶段考试中*阶段考试需参考的重要的基础医学整合课教材，根据作者多年来对西医综合的基础医学部分的潜心研究结果编写而成，可帮助学生迅速明确考点、抓住重点、掌握难点。它不仅为学习后续课程和解决实际问题提供了基础医学知识，还有助于培养学生的思维能力、分析解决问题的能力。', '2019-01-03 03:28:44', '0', 55, 61, 0),
(102, '9787117252270', '药学师职称考试 人卫版', '陈有亮、傅强', '人民卫生出版社', '全新', 10, '456', '/uploads/sale/20190103/7fb521d403653fa16416a3a62561c474.jpg', 66, '80', '60', '本套丛书以考试大纲和全国卫生专业技术资格考试专家委员会编写的《2018全国卫生专业技术资格考试指导》为主要编写依据，全面覆盖各类题型，帮助考生在解题的过程中尽快理解和掌握知识点。本书适用专业为药学（师），专业代码：201。', '2019-01-03 03:30:16', '0', 48, 62, 0),
(103, '9787117238724', '外科护理学（第6版/本科护理）', '吴欣娟', '人民卫生出版社', '全新', 10, '64', '/uploads/sale/20190103/e2e0e3084393e23eaac3944fa0fdac55.jpg', 54, '98', '78', '本教材包括外科护理学和皮肤性病护理学的内容，以外科护理学的内容为主，均按照先总论后各论的顺序展开书写，外科护理学的各论按照人体解剖结构顺序，对相关外科疾病的护理进行介绍。人民卫生出版社出版的本科规划教材《外科护理学》是全国大部分护理院校选择学习的教材，也受到临床护士的喜爱。由于医学技术的不断进步，医学知识的不断更新，2012年出版的第5版教材中的某些知识点已经陈旧，同时有部分读者反映上版教材在内容编排和文字书写上有不完善的地方，需要尽快修订，以适合目前临床和教学的需要。', '2019-01-03 03:32:07', '0', 53, 63, 0),
(104, '9787560867786', '临床医学综合能力（西医）记忆技巧规律总结', '史泽良', '同济大学出版社', '全新', 10, '2222', '/uploads/sale/20190103/db1efb57781510e9290e798036487ab9.jpg', 220, '200', '150', '       全国硕士研究生招生考试的临床医学综合能力（ 西医）考试大纲要求考生掌握的知识点十分繁杂，对 于大部分考生来说，要想顺利通过考试并非易事。史 泽良主编的《临床医学综合能力<西医>记忆技巧规律 总结（上下）》的作者是西医综合276分获得者，深 谙命题规律，长期受邀到各医科大学讲授高分经验。\r\n本书是在作者当年复习笔记的基础上，依据*新考试 大纲、历年真题和人民卫生出版社第8版医学类教材 编*而成。\r\n全书上下册共分为六个部分，分别为生理学、生 物化学、病理学、内科学、外科学及临床医学人文精 神。每一部分通过归纳总结常考点、易错点，以大量 表格总结、解题公式及题眼的方式详细讲解各科的命 题规律、解题方法和记忆技巧，可使考生迅速明确考 点、抓住重点、掌握难点和熟悉命题规律，复习时能 事半功倍。\r\n本书适合所有参加临床医学综合能力（西医）考 试的考生及广大的医务工作者', '2019-01-03 03:35:09', '0', 46, 64, 0),
(105, '9787114134081', '中医学（第9版/本科临床/配增值）', '陈金水', '人民卫生出版社', '全新', 10, '4874', '/uploads/sale/20190103/6d713009e40e94480ff1ca8f7e649cbc.jpg', 65, '444', '555', ' 本套教材为全国高等学校五年制本科临床医学专业第九轮规划教材，是我国医学教育领域起步*早、历史*悠久、修订版次*多的权威、规范、科学、经典的*规划教材。第八轮教材自2013年秋季出版至今，已经4年时间，修订再版是学科知识及医学教育发展的需要。本次修订将根据医学教育发展的需要，注重课程体系的优化改革和教材体系建设的创新，并继续坚持"三基、五性、三特定"的教材编写原则，更新内容，体现继承与发展。', '2019-01-03 03:36:42', '0', 57, 65, 0),
(106, '9787569911978', '预防医学学习指导与习题集（第三版/本科临床配套）', '傅华', '人民卫生出版社', '全新', 10, '123', '/uploads/sale/20190103/b5e9f11e28a7828e8937d5efc7765bbb.jpg', 223, '55', '44', '　　《预防医学》第6版是普通高等教育“十二五”*规划教材、全国高等医药教材建设委员会规划教材、卫生部规划教材和全国高等学校教材，供基础、临床及口腔医学类专业用，是临床医学专业学生的必修课教材。为了配合学生的学习，傅华主编了《预防医学学习指导与习题集（第3版）》这本学习辅导书。全书以上述教材为蓝本，每章由“案例”、“本章的学习方法及主要知识点”及“习题”三部分组成；书的最后附有“习题参考答案和题析”。\r\n', '2019-01-03 03:38:22', '0', 57, 66, 0),
(109, '9859859802', '计算机操作系统 第二版', '余嘉亮', '高等教育出版社', '七成新', 7, '56', '/uploads/20190104\\803853aa195df68cab1951898c470ab5.jpg', 1, '79.2', '5.0', '5555', '1546562486', '0', 62, 84, 0),
(110, '9859859853', '高等数学', '余嘉亮', '高等教育出版社', '六成新及以下', 6, '56', '/uploads/20190104\\93d10ccfd5cf406076fc52bd9599b01c.jpg', 1, '36.0', '2.2', '555', '1546562549', '0', 62, 8, 0),
(111, '9859859856', '高等数学', '余嘉亮', '高等教育出版社', '九成新', 9, '122', '/uploads/20190104\\a226283a415931653f1cb11d170baf1d.jpg', 1, '89.2', '1.8', '55555', '1546562610', '0', 62, 15, 0),
(113, '9859859854', '计算机操作系统 第二版', '余嘉亮', '高等教育出版社', '九成新', 9, '122', '/uploads/20190104\\7554ff2ccf47eba1f9f168e2c2dcc401.jpg', 1, '29.5', '2.5', '55555', '1546563693', '0', 62, 2, 0);

-- --------------------------------------------------------

--
-- 表的结构 `scomment`
--

CREATE TABLE `scomment` (
  `scomment_id` int(11) NOT NULL,
  `user_id` int(11) NOT NULL,
  `scomment_content` varchar(512) NOT NULL,
  `scomment_time` varchar(20) NOT NULL,
  `sbook_id` int(11) NOT NULL
) ENGINE=InnoDB DEFAULT CHARSET=utf8;

--
-- 转存表中的数据 `scomment`
--

INSERT INTO `scomment` (`scomment_id`, `user_id`, `scomment_content`, `scomment_time`, `sbook_id`) VALUES
(1, 44, '麻烦大家帮忙', '1546433336', 2),
(2, 48, '请问介意书上有笔记吗？', '1546504021', 3),
(3, 48, '请问介意书上有笔记吗？', '1546504011', 2);

-- --------------------------------------------------------

--
-- 表的结构 `sensitivewords`
--

CREATE TABLE `sensitivewords` (
  `Sensitivewords_id` int(11) NOT NULL COMMENT '自增索引',
  `user_id` int(11) NOT NULL COMMENT '用户id',
  `content` text COLLATE utf8mb4_unicode_ci NOT NULL COMMENT '内容',
  `addtime` int(11) NOT NULL COMMENT '时间'
) ENGINE=MyISAM DEFAULT CHARSET=utf8mb4 COLLATE=utf8mb4_unicode_ci;

--
-- 转存表中的数据 `sensitivewords`
--

INSERT INTO `sensitivewords` (`Sensitivewords_id`, `user_id`, `content`, `addtime`) VALUES
(9, 62, '李桃', 1546564367),
(10, 62, '李桃', 1546564392),
(11, 62, '李桃', 1546564399),
(12, 62, '李桃', 1546564405),
(13, 62, '李桃', 1546564418),
(14, 63, '李桃', 1546566514),
(15, 63, '李桃', 1546566533),
(16, 63, '李桃', 1546566542),
(17, 63, '李桃', 1546566549),
(18, 63, '李桃', 1546566556);

-- --------------------------------------------------------

--
-- 表的结构 `shopcar`
--

CREATE TABLE `shopcar` (
  `id` int(11) NOT NULL,
  `user_id` int(11) NOT NULL,
  `book_id` int(11) NOT NULL,
  `create_time` varchar(20) DEFAULT NULL,
  `book_num` int(5) NOT NULL DEFAULT '1'
) ENGINE=InnoDB DEFAULT CHARSET=utf8;

--
-- 转存表中的数据 `shopcar`
--

INSERT INTO `shopcar` (`id`, `user_id`, `book_id`, `create_time`, `book_num`) VALUES
(1, 44, 39, '1546358037', 1),
(2, 45, 39, '1546359553', 1),
(4, 48, 39, '1546411940', 1),
(23, 53, 60, '1546450825', 1),
(24, 53, 59, '1546450842', 1),
(25, 53, 57, '1546450952', 1),
(26, 53, 55, '1546451053', 1),
(28, 47, 99, '1546482926', 1),
(29, 55, 99, '1546484301', 1),
(30, 55, 98, '1546484309', 1),
(31, 55, 97, '1546484960', 1),
(37, 60, 41, '1546505312', 1),
(38, 60, 39, '1546506007', 1),
(39, 60, 42, '1546506185', 1);

-- --------------------------------------------------------

--
-- 表的结构 `shoporder`
--

CREATE TABLE `shoporder` (
  `order_id` varchar(50) NOT NULL,
  `user_id` int(11) NOT NULL,
  `book_id` int(11) NOT NULL,
  `create_time` varchar(20) CHARACTER SET utf8mb4 COLLATE utf8mb4_unicode_ci DEFAULT NULL,
  `order_price` varchar(50) NOT NULL,
  `order_state` int(2) NOT NULL COMMENT '交易成功为1',
  `order_sum` int(11) NOT NULL,
  `order_buy` int(2) NOT NULL DEFAULT '0' COMMENT '删除我下的订单',
  `order_sale` int(2) NOT NULL DEFAULT '0' COMMENT '删除我收到的订单',
  `trade_no` varchar(30) NOT NULL
) ENGINE=InnoDB DEFAULT CHARSET=utf8;

--
-- 转存表中的数据 `shoporder`
--

INSERT INTO `shoporder` (`order_id`, `user_id`, `book_id`, `create_time`, `order_price`, `order_state`, `order_sum`, `order_buy`, `order_sale`, `trade_no`) VALUES
('2019010209274746274327', 46, 39, '1546392467', '18', 1, 1, 0, 0, ''),
('2019010221011646799237', 46, 39, '1546434076', '18', 0, 3, 0, 0, ''),
('2019010221451153560076', 53, 61, '1546436711', '50', 1, 1, 1, 0, ''),
('2019010221481853617290', 53, 60, '1546436898', '155', 1, 1, 1, 0, ''),
('2019010221492253142927', 53, 59, '1546436962', '75', 1, 1, 1, 0, ''),
('2019010222030353477404', 53, 58, '1546437783', '80', 1, 1, 1, 0, ''),
('2019010222140153938920', 53, 56, '1546438441', '75', 1, 1, 1, 0, ''),
('2019010222162353428422', 53, 57, '1546438583', '80', 1, 1, 1, 0, ''),
('2019010222180053680964', 53, 55, '1546438680', '130', 1, 1, 1, 0, ''),
('2019010222181453212959', 53, 55, '1546438694', '130', 1, 1, 1, 0, ''),
('2019010222182353121495', 53, 54, '1546438703', '45', 1, 1, 1, 0, ''),
('201901022220145346154', 53, 61, '1546438814', '50', 1, 1, 1, 0, ''),
('2019010222475153720304', 53, 61, '1546440471', '50', 1, 1, 1, 0, ''),
('2019010223353953540597', 53, 39, '1546443339', '18', 1, 1, 1, 0, ''),
('2019010223415253194990', 53, 60, '1546443712', '155', 1, 1, 1, 0, ''),
('2019010223424053778838', 53, 61, '1546443760', '50', 1, 1, 1, 0, ''),
('2019010301122353443372', 53, 61, '1546449143', '50', 1, 1, 1, 0, ''),
('2019010301123253231525', 53, 61, '1546449152', '50', 1, 1, 1, 0, ''),
('2019010301172453160061', 53, 61, '1546449444', '50', 1, 1, 1, 0, ''),
('2019010301184253814929', 53, 54, '1546449522', '45', 0, 1, 0, 0, ''),
('2019010301394453599670', 53, 61, '1546450784', '50', 0, 1, 0, 0, ''),
('2019010301414353806047', 53, 61, '1546450903', '50', 0, 1, 0, 0, ''),
('2019010301433753106067', 53, 61, '1546451017', '50', 0, 1, 0, 0, ''),
('2019010301451553775823', 53, 55, '1546451115', '130', 0, 1, 0, 0, ''),
('2019010308503853943645', 53, 57, '1546476638', '80', 0, 1, 0, 0, ''),
('2019010310574555308694', 55, 99, '1546484265', '180', 1, 1, 1, 0, ''),
('2019010310585755226644', 55, 99, '1546484337', '180', 1, 1, 1, 0, ''),
('2019010311100555802559', 55, 99, '1546485005', '180', 1, 1, 1, 0, ''),
('2019010311160255809931', 55, 99, '1546485362', '180', 1, 1, 1, 0, ''),
('2019010311205155779108', 55, 99, '1546485651', '180', 1, 1, 1, 0, ''),
('2019010311225255824428', 55, 99, '1546485772', '180', 1, 1, 1, 0, ''),
('2019010311243155305754', 55, 99, '1546485871', '180', 1, 1, 1, 0, ''),
('2019010317232055701089', 55, 44, '1546507600', '33', 1, 1, 1, 0, ''),
('2019010317570055796112', 55, 104, '1546509447', '150', 1, 1, 1, 0, ''),
('201901032301246198937', 61, 99, '1546527684', '180', 0, 1, 0, 0, ''),
('20190103230442612547', 61, 99, '1546527882', '180', 0, 1, 0, 0, ''),
('2019010323061761438943', 61, 99, '1546527977', '180', 0, 1, 0, 0, ''),
('2019010323074861485847', 61, 99, '1546528068', '180', 0, 1, 0, 0, '2019010322001417740502586766'),
('2019010323074861888398', 61, 44, '1546528068', '33', 1, 1, 1, 0, '2019010322001417740502586766'),
('2019010323085861454735', 61, 39, '1546528138', '18', 1, 1, 1, 0, '2019010322001417740502587106'),
('2019010323085861751899', 61, 103, '1546528138', '78', 1, 1, 1, 0, '2019010322001417740502587106'),
('2019010400022161863695', 61, 104, '1546531341', '150', 0, 1, 0, 0, '2019010422001417740502586955'),
('2019010400022161912390', 61, 39, '1546531341', '18', 0, 1, 0, 0, '2019010422001417740502586955'),
('2019010400340261388012', 61, 39, '1546533242', '18', 0, 1, 0, 0, '2019010422001417740502587112');

-- --------------------------------------------------------

--
-- 表的结构 `type_second`
--

CREATE TABLE `type_second` (
  `second_id` int(11) NOT NULL,
  `second_name` varchar(50) NOT NULL,
  `type_id` int(11) DEFAULT NULL
) ENGINE=InnoDB DEFAULT CHARSET=utf8;

--
-- 转存表中的数据 `type_second`
--

INSERT INTO `type_second` (`second_id`, `second_name`, `type_id`) VALUES
(1, '会计审计统计', 1),
(2, '经济学理论', 1),
(3, '国际贸易', 1),
(4, '国际金融', 1),
(5, '投资理财', 1),
(6, '财经税收', 1),
(7, '经济史', 1),
(8, '世界经济', 1),
(9, '中国经济', 1),
(10, '工业经济', 1),
(11, '银行与货币', 1),
(12, '数据库', 2),
(13, '语言与编程', 2),
(14, 'Photoshop图像处理', 2),
(15, '操作系统', 2),
(16, '软件工程', 2),
(17, '多媒体', 2),
(18, 'android', 2),
(19, '大数据', 2),
(20, '安全与加密', 2),
(21, '网页制作', 2),
(22, '网络与通信', 2),
(23, '市场营销', 3),
(24, '物流管理', 3),
(25, '管理学原理', 3),
(26, '财务管理', 3),
(27, '电子商务', 3),
(28, '公共管理', 3),
(29, '秘书学', 3),
(30, 'MBA与工商管理', 3),
(31, '酒店餐饮管理', 3),
(32, '领导学', 3),
(33, '商务谈判与实务', 3),
(34, '英语教材', 4),
(35, '日语', 4),
(36, '专业英语', 4),
(37, '口语翻译', 4),
(38, '汉语', 4),
(39, '韩语', 4),
(40, '星火英语', 4),
(41, '英语听力', 4),
(42, '西班牙语', 4),
(43, '俄语', 4),
(44, '粤语', 4),
(45, '英语教材', 4),
(46, '商务英语', 4),
(47, '青春文学', 5),
(48, '人物传记', 5),
(49, '外国文学', 5),
(50, '文学理论', 5),
(51, '散文随笔', 5),
(52, '网络小说', 5),
(53, '都市言情', 5),
(54, '小说集', 5),
(55, '现代文学', 5),
(56, '古代文学', 5),
(57, '民间文学', 5),
(58, '侦探推理', 5),
(59, '军事', 5),
(60, '期刊杂志', 5),
(61, '基础医学', 6),
(62, '药学', 6),
(63, '护理学', 6),
(64, '临床医学', 6),
(65, '中医学', 6),
(66, '预防医学', 6),
(67, '内科学', 6),
(68, '外科学', 6),
(69, '口腔科学', 6),
(70, '兽医学', 6),
(71, '卫生和生理', 6),
(72, '细胞学', 6),
(73, '眼科学', 6),
(74, '遗传学', 6),
(75, '解剖学', 6),
(76, '康复治疗', 6),
(77, '医学美容', 6),
(78, '教学理论', 7),
(79, '研究生考试', 7),
(80, '专升本', 7),
(81, '普通话考试', 7),
(82, '初高中用书', 7),
(83, '计算机等级考试', 7),
(84, '教师资格考试', 7),
(85, '法律考试', 7),
(86, '英语等级考试', 7),
(87, '数学', 8),
(88, '化学', 8),
(89, '生物科学', 8),
(90, '物理', 8),
(91, '力学', 8),
(92, '环境科学', 8),
(93, '自然科学总论', 8),
(94, '地质学', 8),
(95, '地球科学', 8),
(96, '天文学', 8),
(97, '海洋学', 8),
(98, '神秘现象', 8),
(99, '经济法', 9),
(100, '法律法规', 9),
(101, '法学理论', 9),
(102, '民法', 9),
(103, '刑法', 9),
(104, '商法', 9),
(105, '国际法', 9),
(106, '诉讼法', 9),
(107, '行政法', 9),
(108, '劳动与社会保障法', 9),
(109, '法律知识读物', 9),
(110, '体育理论与教学', 10),
(111, '球类', 10),
(112, '武术太极', 10),
(113, '田径体操', 10),
(114, '中医保健', 10),
(115, '棋牌', 10),
(116, '跆拳道拳击', 10),
(117, '奥林匹克', 10),
(118, '上班族保健', 10),
(119, '急救常识', 10),
(120, '心理学理论', 11),
(121, '心理健康', 11),
(122, '心理学通俗读物', 11),
(123, '心理分析', 11),
(124, '教育心理学', 11),
(125, '社会心理学', 11),
(126, '人格心理学', 11),
(127, '犯罪心理学', 11),
(128, '应用心理学', 11),
(129, '变态病态心理学', 11),
(130, '生理心理学', 11),
(131, '新闻学', 12),
(132, '广播电视', 12),
(133, '广告学', 12),
(134, '信息与传播理论', 12),
(135, '广告策划', 12),
(136, '信息资源与检索', 12),
(137, '群众文化', 12),
(138, '成功激励', 13),
(139, '人在职场', 13),
(140, '礼仪形象', 13),
(141, '大学生指南', 13),
(142, '演讲口才', 13),
(143, '交际沟通', 13),
(144, '男性励志', 13),
(145, '女性励志', 13),
(146, '性格习惯', 13),
(147, '自我完善与调节', 13),
(148, '情商情绪', 13),
(149, '时间管理', 13),
(150, '为人处世', 13),
(151, '创业必修', 13),
(152, '家庭保健', 14),
(153, '美食烹饪', 14),
(154, '美丽装扮', 14),
(155, '休闲娱乐', 14),
(156, '美容健身', 14),
(157, '服饰搭配', 14),
(158, '两性关系', 14),
(159, '家居装修', 14),
(160, '瑜伽减肥', 14),
(161, '手工DIY', 14),
(162, '插花艺术', 14),
(163, '星座占卜', 14);

-- --------------------------------------------------------

--
-- 表的结构 `user`
--

CREATE TABLE `user` (
  `user_id` int(11) NOT NULL,
  `user_name` varchar(50) NOT NULL,
  `user_pwd` varchar(50) NOT NULL,
  `user_sex` varchar(2) DEFAULT NULL,
  `nickname` varchar(30) DEFAULT NULL,
  `user_realname` varchar(30) DEFAULT NULL,
  `user_content` varchar(400) DEFAULT NULL,
  `user_tel` varchar(15) DEFAULT NULL,
  `user_addr` varchar(200) DEFAULT NULL,
  `user_img` varchar(150) DEFAULT '/uploads/user/default/default.jpg',
  `grade` int(5) DEFAULT NULL,
  `class_id` int(11) DEFAULT NULL,
  `login_times` int(11) DEFAULT '0',
  `login_error` int(11) NOT NULL DEFAULT '0',
  `login_error_time` int(11) NOT NULL DEFAULT '0',
  `error_state` int(2) NOT NULL DEFAULT '0',
  `Sensitivewords` int(2) NOT NULL DEFAULT '0'
) ENGINE=InnoDB DEFAULT CHARSET=utf8;

--
-- 转存表中的数据 `user`
--

INSERT INTO `user` (`user_id`, `user_name`, `user_pwd`, `user_sex`, `nickname`, `user_realname`, `user_content`, `user_tel`, `user_addr`, `user_img`, `grade`, `class_id`, `login_times`, `login_error`, `login_error_time`, `error_state`, `Sensitivewords`) VALUES
(44, '201541402313', 'd41d8cd98f00b204e9800998ecf8427e', '男', NULL, '涂嘉钿', '涂奕钿', '13243546576', 'dgut', '/uploads/user/20190101/6a65e20944de83f858a46f5b666a0d3d.jpg', 2015, 19, 0, 0, 0, 0, 1),
(46, 'litao123', '1de4526f6facf6a3c6c1b28e2863d7bc', '男', '李桃', '李桃', '111', '13537102559', '啊啊啊啊', '/uploads/20190102/818a4b95b0d0fbe0b47eb4d306c8209f.jpg', 2015, 19, 0, 0, 0, 0, 0),
(47, 'Cousins', '507f513353702b50c145d5b7d138095c', '男', 'Cousins_dudu', '邹玉堂', '', '12354645489', '东莞理工学院', '/uploads/user/default/default.jpg', 2015, 19, 0, 0, 0, 0, 0),
(48, '夜晚的咖啡座', 'd41d8cd98f00b204e9800998ecf8427e', '女', NULL, '咖啡座', '', '15645682146', '东莞理工学院', '/uploads/user/default/default.jpg', 2014, 1, 0, 0, 0, 0, 0),
(49, '201541402303', '507f513353702b50c145d5b7d138095c', '男', NULL, '钟楚豪', '', '13254668797', '东莞理工学院', '/uploads/user/default/default.jpg', 2014, 17, 0, 0, 0, 0, 0),
(50, '201541402366', '507f513353702b50c145d5b7d138095c', '男', NULL, '肖镇达', '', '15645682146', '东莞理工学院', '/uploads/user/default/default.jpg', 2014, 15, 0, 0, 0, 0, 0),
(51, '201541402399', '507f513353702b50c145d5b7d138095c', '男', NULL, '许坤恭', '', '13654879456', '东莞理工学院', '/uploads/user/default/default.jpg', 2014, 11, 0, 0, 0, 0, 0),
(52, 'csx0622', 'd41d8cd98f00b204e9800998ecf8427e', '女', NULL, '黄维明', '', '13254668797', '东莞理工学院', 'img/default.jpg', 2014, 1, 0, 0, 0, 0, 0),
(53, 'moriarty', 'd41d8cd98f00b204e9800998ecf8427e', '男', '小肥仔', '余奕亮', '', '15432647872', 'dgut', '/uploads/20190103/761c11cb041fc2bd5c88945b4d35ec04.jpg', 2015, 19, 0, 0, 0, 0, 1),
(55, 'tttttt', '59b618b9fbe7f75cd16b45eb28e971b3', '男', 'ufghdsfuk', '书籍', '', '123233245433', '大幅度', '/uploads/user/default/default.jpg', 2015, 16, 0, 0, 0, 0, 0),
(56, 'userone', 'd41d8cd98f00b204e9800998ecf8427e', '女', NULL, '黄一碗', '', '13254668797', '东莞理工学院', '/uploads/user/default/default.jpg', 2014, 1, 0, 0, 0, 0, 0),
(57, 'tyt123', '9845176103db4b55fe32345252f912fc', '女', NULL, '刘启满', '', '13254668797', '东莞理工学院', '/uploads/user/default/default.jpg', 2014, 1, 0, 0, 0, 0, 0),
(59, 'gz0218', '507f513353702b50c145d5b7d138095c', '男', 'Cousins_dudu', '刘玉言', '', '15645682146', '东莞理工学院', '/uploads/user/default/default.jpg', 2014, 17, 0, 0, 0, 0, 0),
(60, 'userthree', '9cbf8a4dcb8e30682b927f352d6559a0', '女', '咖啡座', '咖啡座', '', '13537126226', '东莞理工学院', '/uploads/user/default/default.jpg', 2015, 19, 0, 0, 0, 0, 0),
(61, '201541402302', '59b618b9fbe7f75cd16b45eb28e971b3', '男', NULL, 'tyt', '', '15432647872', 'dgut', '', 2015, 19, 0, 0, 0, 0, 0),
(62, 'what123456', 'a906449d5769fa7361d7ecc6aa3f6d28', '男', '无敌小肥蛋', '余嘉亮', '6666', '13532325475', '广东省东莞市东莞理工学院11栋411', '/uploads/user/default/default.jpg', 2015, 15, 0, 0, 0, 0, 1),
(63, 'what', 'a906449d5769fa7361d7ecc6aa3f6d28', NULL, NULL, NULL, NULL, NULL, NULL, '/uploads/user/default/default.jpg', NULL, NULL, 0, 0, 0, 0, 1);

-- --------------------------------------------------------

--
-- 表的结构 `violation`
--

CREATE TABLE `violation` (
  `violate_id` int(11) NOT NULL COMMENT '违规记录id',
  `user_id` int(11) NOT NULL COMMENT '违规用户id',
  `add_time` varchar(10) COLLATE utf8mb4_unicode_ci NOT NULL COMMENT '添加时间',
  `punish_time` varchar(10) COLLATE utf8mb4_unicode_ci NOT NULL COMMENT '处罚时间',
  `punish_case` text COLLATE utf8mb4_unicode_ci NOT NULL COMMENT '处罚原因',
  `punish_way` text COLLATE utf8mb4_unicode_ci NOT NULL COMMENT '处罚方式',
  `violation_type` int(3) NOT NULL DEFAULT '1'
) ENGINE=MyISAM DEFAULT CHARSET=utf8mb4 COLLATE=utf8mb4_unicode_ci COMMENT='违规记录表';

--
-- 转存表中的数据 `violation`
--

INSERT INTO `violation` (`violate_id`, `user_id`, `add_time`, `punish_time`, `punish_case`, `punish_way`, `violation_type`) VALUES
(3, 46, '1546433696', '1546489715', '自恋', '封号', 1),
(4, 44, '1546486218', '1546489818', '测试', '封号', 1),
(5, 53, '1546486467', '1546490067', 'cs', '封号', 1);

--
-- Indexes for dumped tables
--

--
-- Indexes for table `admin`
--
ALTER TABLE `admin`
  ADD PRIMARY KEY (`id`);

--
-- Indexes for table `bcomment`
--
ALTER TABLE `bcomment`
  ADD PRIMARY KEY (`bcomment_id`),
  ADD KEY `bbook_id` (`bbook_id`),
  ADD KEY `user_id` (`user_id`);

--
-- Indexes for table `bcomment_reply`
--
ALTER TABLE `bcomment_reply`
  ADD PRIMARY KEY (`reply_id`);

--
-- Indexes for table `bcomment_reply_dianzan`
--
ALTER TABLE `bcomment_reply_dianzan`
  ADD PRIMARY KEY (`dianzan_id`);

--
-- Indexes for table `book_type`
--
ALTER TABLE `book_type`
  ADD PRIMARY KEY (`type_id`);

--
-- Indexes for table `carousel`
--
ALTER TABLE `carousel`
  ADD PRIMARY KEY (`carousel_id`);

--
-- Indexes for table `class`
--
ALTER TABLE `class`
  ADD PRIMARY KEY (`class_id`),
  ADD KEY `dept_id` (`dept_id`);

--
-- Indexes for table `dept`
--
ALTER TABLE `dept`
  ADD PRIMARY KEY (`dept_id`);

--
-- Indexes for table `inquiry_book`
--
ALTER TABLE `inquiry_book`
  ADD PRIMARY KEY (`inquiry_id`),
  ADD KEY `user_id` (`user_id`),
  ADD KEY `inquiry_secondtype` (`inquiry_secondtype`),
  ADD KEY `inquiry_id` (`inquiry_id`);

--
-- Indexes for table `notice`
--
ALTER TABLE `notice`
  ADD PRIMARY KEY (`notice_id`),
  ADD KEY `admin_id` (`admin_id`);

--
-- Indexes for table `sale_book`
--
ALTER TABLE `sale_book`
  ADD PRIMARY KEY (`sale_id`),
  ADD KEY `user_id` (`user_id`),
  ADD KEY `sale_book_ibfk_2` (`sale_secondtype`);

--
-- Indexes for table `scomment`
--
ALTER TABLE `scomment`
  ADD PRIMARY KEY (`scomment_id`),
  ADD KEY `user_id` (`user_id`),
  ADD KEY `sbook_id` (`sbook_id`);

--
-- Indexes for table `sensitivewords`
--
ALTER TABLE `sensitivewords`
  ADD PRIMARY KEY (`Sensitivewords_id`);

--
-- Indexes for table `shopcar`
--
ALTER TABLE `shopcar`
  ADD PRIMARY KEY (`id`),
  ADD KEY `user_id` (`user_id`),
  ADD KEY `book_id` (`book_id`);

--
-- Indexes for table `shoporder`
--
ALTER TABLE `shoporder`
  ADD PRIMARY KEY (`order_id`),
  ADD KEY `user_id` (`user_id`),
  ADD KEY `book_id` (`book_id`);

--
-- Indexes for table `type_second`
--
ALTER TABLE `type_second`
  ADD PRIMARY KEY (`second_id`),
  ADD KEY `type_id` (`type_id`);

--
-- Indexes for table `user`
--
ALTER TABLE `user`
  ADD PRIMARY KEY (`user_id`),
  ADD KEY `class_id` (`class_id`);

--
-- Indexes for table `violation`
--
ALTER TABLE `violation`
  ADD PRIMARY KEY (`violate_id`);

--
-- 在导出的表使用AUTO_INCREMENT
--

--
-- 使用表AUTO_INCREMENT `admin`
--
ALTER TABLE `admin`
  MODIFY `id` int(11) NOT NULL AUTO_INCREMENT, AUTO_INCREMENT=11;
--
-- 使用表AUTO_INCREMENT `bcomment`
--
ALTER TABLE `bcomment`
  MODIFY `bcomment_id` int(11) NOT NULL AUTO_INCREMENT, AUTO_INCREMENT=27;
--
-- 使用表AUTO_INCREMENT `bcomment_reply`
--
ALTER TABLE `bcomment_reply`
  MODIFY `reply_id` int(11) NOT NULL AUTO_INCREMENT COMMENT '自增索引', AUTO_INCREMENT=32;
--
-- 使用表AUTO_INCREMENT `bcomment_reply_dianzan`
--
ALTER TABLE `bcomment_reply_dianzan`
  MODIFY `dianzan_id` int(11) NOT NULL AUTO_INCREMENT, AUTO_INCREMENT=27;
--
-- 使用表AUTO_INCREMENT `book_type`
--
ALTER TABLE `book_type`
  MODIFY `type_id` int(11) NOT NULL AUTO_INCREMENT, AUTO_INCREMENT=15;
--
-- 使用表AUTO_INCREMENT `carousel`
--
ALTER TABLE `carousel`
  MODIFY `carousel_id` int(11) NOT NULL AUTO_INCREMENT COMMENT 'id', AUTO_INCREMENT=9;
--
-- 使用表AUTO_INCREMENT `class`
--
ALTER TABLE `class`
  MODIFY `class_id` int(11) NOT NULL AUTO_INCREMENT, AUTO_INCREMENT=63;
--
-- 使用表AUTO_INCREMENT `dept`
--
ALTER TABLE `dept`
  MODIFY `dept_id` int(11) NOT NULL AUTO_INCREMENT, AUTO_INCREMENT=15;
--
-- 使用表AUTO_INCREMENT `inquiry_book`
--
ALTER TABLE `inquiry_book`
  MODIFY `inquiry_id` int(11) NOT NULL AUTO_INCREMENT, AUTO_INCREMENT=9;
--
-- 使用表AUTO_INCREMENT `notice`
--
ALTER TABLE `notice`
  MODIFY `notice_id` int(11) NOT NULL AUTO_INCREMENT, AUTO_INCREMENT=10;
--
-- 使用表AUTO_INCREMENT `sale_book`
--
ALTER TABLE `sale_book`
  MODIFY `sale_id` int(11) NOT NULL AUTO_INCREMENT, AUTO_INCREMENT=114;
--
-- 使用表AUTO_INCREMENT `scomment`
--
ALTER TABLE `scomment`
  MODIFY `scomment_id` int(11) NOT NULL AUTO_INCREMENT, AUTO_INCREMENT=4;
--
-- 使用表AUTO_INCREMENT `sensitivewords`
--
ALTER TABLE `sensitivewords`
  MODIFY `Sensitivewords_id` int(11) NOT NULL AUTO_INCREMENT COMMENT '自增索引', AUTO_INCREMENT=19;
--
-- 使用表AUTO_INCREMENT `shopcar`
--
ALTER TABLE `shopcar`
  MODIFY `id` int(11) NOT NULL AUTO_INCREMENT, AUTO_INCREMENT=40;
--
-- 使用表AUTO_INCREMENT `type_second`
--
ALTER TABLE `type_second`
  MODIFY `second_id` int(11) NOT NULL AUTO_INCREMENT, AUTO_INCREMENT=164;
--
-- 使用表AUTO_INCREMENT `user`
--
ALTER TABLE `user`
  MODIFY `user_id` int(11) NOT NULL AUTO_INCREMENT, AUTO_INCREMENT=64;
--
-- 使用表AUTO_INCREMENT `violation`
--
ALTER TABLE `violation`
  MODIFY `violate_id` int(11) NOT NULL AUTO_INCREMENT COMMENT '违规记录id', AUTO_INCREMENT=6;
--
-- 限制导出的表
--

--
-- 限制表 `class`
--
ALTER TABLE `class`
  ADD CONSTRAINT `dept_id` FOREIGN KEY (`dept_id`) REFERENCES `dept` (`dept_id`);

--
-- 限制表 `inquiry_book`
--
ALTER TABLE `inquiry_book`
  ADD CONSTRAINT `inquiry_book_ibfk_1` FOREIGN KEY (`user_id`) REFERENCES `user` (`user_id`),
  ADD CONSTRAINT `inquiry_book_ibfk_2` FOREIGN KEY (`inquiry_secondtype`) REFERENCES `type_second` (`second_id`);

--
-- 限制表 `notice`
--
ALTER TABLE `notice`
  ADD CONSTRAINT `notice_ibfk_1` FOREIGN KEY (`admin_id`) REFERENCES `admin` (`id`);

--
-- 限制表 `sale_book`
--
ALTER TABLE `sale_book`
  ADD CONSTRAINT `sale_book_ibfk_1` FOREIGN KEY (`user_id`) REFERENCES `user` (`user_id`),
  ADD CONSTRAINT `sale_book_ibfk_2` FOREIGN KEY (`sale_secondtype`) REFERENCES `type_second` (`second_id`);

--
-- 限制表 `scomment`
--
ALTER TABLE `scomment`
  ADD CONSTRAINT `scomment_ibfk_1` FOREIGN KEY (`user_id`) REFERENCES `user` (`user_id`),
  ADD CONSTRAINT `scomment_ibfk_2` FOREIGN KEY (`sbook_id`) REFERENCES `inquiry_book` (`inquiry_id`);

--
-- 限制表 `shoporder`
--
ALTER TABLE `shoporder`
  ADD CONSTRAINT `shoporder_ibfk_1` FOREIGN KEY (`user_id`) REFERENCES `user` (`user_id`),
  ADD CONSTRAINT `shoporder_ibfk_2` FOREIGN KEY (`book_id`) REFERENCES `sale_book` (`sale_id`);

/*!40101 SET CHARACTER_SET_CLIENT=@OLD_CHARACTER_SET_CLIENT */;
/*!40101 SET CHARACTER_SET_RESULTS=@OLD_CHARACTER_SET_RESULTS */;
/*!40101 SET COLLATION_CONNECTION=@OLD_COLLATION_CONNECTION */;
